-- phpMyAdmin SQL Dump
-- version 4.9.3
-- https://www.phpmyadmin.net/
--
-- Host: localhost:8889
-- Generation Time: May 26, 2020 at 05:27 PM
-- Server version: 5.7.26
-- PHP Version: 7.4.2

SET SQL_MODE = "NO_AUTO_VALUE_ON_ZERO";
SET time_zone = "+00:00";

--
-- Database: `prevention31`
--

-- --------------------------------------------------------

--
-- Table structure for table `Annonce`
--

CREATE TABLE `Annonce` (
  `idAnnonce` int(255) UNSIGNED NOT NULL,
  `created_at` datetime NOT NULL DEFAULT CURRENT_TIMESTAMP,
  `objet` varchar(255) NOT NULL,
  `texte` text NOT NULL,
  `ouvert` tinyint(1) NOT NULL DEFAULT '0',
  `nbDestinataire` int(255) NOT NULL
) ENGINE=InnoDB DEFAULT CHARSET=utf8;

--
-- Dumping data for table `Annonce`
--

INSERT INTO `Annonce` (`idAnnonce`, `created_at`, `objet`, `texte`, `ouvert`, `nbDestinataire`) VALUES
(23, '2020-05-23 13:29:13', 'Test plusieurs submit ', 'je teste des trucs', 1, 0),
(24, '2020-05-23 13:31:19', 'Test commune Auragne (90)', 'Test\r\n\r\ngcgxbjnlcvkshcvnsdv:sq vl B kl\r\n', 1, 0),
(25, '2020-05-26 15:35:15', 'TEST SERVEUR TEST SERVEUR TEST SERVEUR ', 'TEST SERVEUR TEST SERVEUR TEST SERVEUR ', 1, 0),
(26, '2020-05-26 18:05:42', 'Test nbDest', 'nbDest', 1, 9),
(27, '2020-05-26 18:50:05', 'bah', 'bah', 1, 9),
(28, '2020-05-26 18:52:00', 'Test mail ', 'Bonjour\r\nje teste les mails', 0, 9),
(29, '2020-05-26 18:53:31', 'Test mail ', 'Bonjour\r\n\r\nJe test les mails\r\n', 1, 9),
(30, '2020-05-26 18:56:42', 'Test mail ', 'Bonjour\r\nje teste les mails', 1, 9),
(31, '2020-05-26 18:57:06', 'df', 'fg', 1, 9),
(32, '2020-05-26 18:57:40', 'test 2 mail', 'test dba\r\nadbajkbd\r\n\r\nadvhavbdu\r\naha hgcxjgvahkjx\r\nadjabxhlia\r\n', 1, 1),
(33, '2020-05-26 18:58:29', 'test 2mail', 'ascgxvkbja\r\nadabn$augad\r\nden,c;pamlc\r\ncjabnckl,a;:\r\nascgxvkbja\r\nadabn$augad\r\nden,c;pamlc\r\ncjabnckl,a;:\r\nascgxvkbja\r\nadabn$augad\r\nden,c;pamlc\r\ncjabnckl,a;:\r\nascgxvkbja\r\nadabn$augad\r\nden,c;pamlc\r\ncjabnckl,a;:\r\nascgxvkbja\r\nadabn$augad\r\nden,c;pamlc\r\ncjabnckl,a;:\r\nascgxvkbja\r\nadabn$augad\r\nden,c;pamlc\r\ncjabnckl,a;:\r\nascgxvkbja\r\nadabn$augad\r\nden,c;pamlc\r\ncjabnckl,a;:\r\n', 1, 1),
(34, '2020-05-26 18:59:59', 'sdf', 'sdf', 1, 1),
(35, '2020-05-26 19:00:15', 'dfghjk', 'fghjkoiuhgavbn,', 1, 9),
(36, '2020-05-26 19:05:23', 'fghkjk', 'sgdjhkf', 1, 9),
(37, '2020-05-26 19:11:06', 'vghj', 'vbhj', 1, 2),
(38, '2020-05-26 19:11:43', 'secteur3', 'secteur3', 1, 2),
(39, '2020-05-26 19:12:55', 'asdfs', 'sdfsd', 1, 7),
(40, '2020-05-26 19:14:33', 'dfgh', 'dfghjh', 1, 7),
(41, '2020-05-26 19:15:05', 'dfgh', 'qsfdghgdf', 1, 7);

-- --------------------------------------------------------

--
-- Table structure for table `CodeActivite`
--

CREATE TABLE `CodeActivite` (
  `code` smallint(5) UNSIGNED NOT NULL,
  `activite` varchar(255) NOT NULL,
  `created_at` datetime NOT NULL DEFAULT CURRENT_TIMESTAMP,
  `updated_at` datetime NOT NULL DEFAULT CURRENT_TIMESTAMP ON UPDATE CURRENT_TIMESTAMP
) ENGINE=InnoDB DEFAULT CHARSET=utf8;

--
-- Dumping data for table `CodeActivite`
--

INSERT INTO `CodeActivite` (`code`, `activite`, `created_at`, `updated_at`) VALUES
(11, 'Culture', '2020-05-04 17:02:05', '2020-05-19 16:38:01'),
(12, 'Elevage', '2020-05-04 17:02:05', '2020-05-19 16:38:01'),
(20, 'Exploitation forestière', '2020-05-04 17:02:05', '2020-05-19 16:38:01'),
(30, 'Pèche', '2020-05-04 17:02:05', '2020-05-19 16:38:01'),
(50, 'Extraction', '2020-05-04 17:02:05', '2020-05-19 16:38:01'),
(101, 'Fabrication à base de viande', '2020-05-04 17:02:05', '2020-05-19 16:38:01'),
(102, 'Fabrication alimentaire', '2020-05-04 17:02:05', '2020-05-19 16:38:01'),
(110, 'Fabrication de boisson', '2020-05-04 17:02:05', '2020-05-19 16:38:01'),
(120, 'Fabrication de tabac', '2020-05-04 17:02:05', '2020-05-19 16:38:01'),
(130, 'Fabrication à base de textiles', '2020-05-04 17:02:05', '2020-05-19 16:38:01'),
(140, 'Industrie de l\'habillement fabrication', '2020-05-04 17:02:05', '2020-05-19 16:38:01'),
(170, 'Fabrication à base de papier ou carton', '2020-05-04 17:02:05', '2020-05-19 16:38:01'),
(180, 'Imprimerie entreprise de reproduction', '2020-05-04 17:02:05', '2020-05-19 16:38:01'),
(190, ' Rafinage du pétrol', '2020-05-04 17:02:05', '2020-05-19 16:38:01'),
(200, 'Fabrication à base de produit chimique', '2020-05-04 17:02:05', '2020-05-19 16:38:01'),
(210, 'Industrie pharmaceutique', '2020-05-04 17:02:05', '2020-05-19 16:38:01'),
(220, 'Fabrication à base de plastique ou caoutchouc', '2020-05-04 17:02:05', '2020-05-19 16:38:01'),
(230, 'Fabrication de produit minéraux non métalique', '2020-05-04 17:02:05', '2020-05-19 16:38:01'),
(240, 'Métallurgie', '2020-05-04 17:02:05', '2020-05-19 16:38:01'),
(250, 'Fabrication de produit métalliques', '2020-05-04 17:02:05', '2020-05-19 16:38:01'),
(260, 'Fabrication de produits informatiques ou électronique et optique', '2020-05-04 17:02:05', '2020-05-19 16:38:01'),
(270, 'Fabrication d’équipement électrique', '2020-05-04 17:02:05', '2020-05-19 16:38:01'),
(280, 'Fabrication de machine', '2020-05-04 17:02:05', '2020-05-19 16:38:01'),
(290, 'Fabrication d’automobile ou produits en lien avec l’automobile', '2020-05-04 17:02:05', '2020-05-19 16:38:01'),
(300, 'Fabrication de véhicules hors automobile', '2020-05-04 17:02:05', '2020-05-19 16:38:01'),
(310, 'Fabrication de meubles', '2020-05-04 17:02:05', '2020-05-19 16:38:01'),
(320, 'Fabrications diverses – monnaie bijoux jeux articles de sport lunettes ...', '2020-05-04 17:02:05', '2020-05-19 16:38:01'),
(330, 'Réparation', '2020-05-04 17:02:05', '2020-05-19 16:38:01'),
(350, 'Production d’énergie', '2020-05-04 17:02:05', '2020-05-19 16:38:01'),
(360, 'Captation et distribution de l’eau', '2020-05-04 17:02:05', '2020-05-19 16:38:01'),
(370, 'Traitement des eaux usés', '2020-05-04 17:02:05', '2020-05-19 16:38:01'),
(380, 'Collecte et traitement des déchets', '2020-05-04 17:02:05', '2020-05-19 16:38:01'),
(410, 'Construction de bâtiments', '2020-05-04 17:02:05', '2020-05-19 16:38:01'),
(420, 'Construction de génie civil', '2020-05-04 17:02:05', '2020-05-19 16:38:01'),
(430, 'Travaux de construction', '2020-05-04 17:02:05', '2020-05-19 16:38:01'),
(450, 'Commerce d’automobiles et moto', '2020-05-04 17:02:05', '2020-05-19 16:38:01'),
(460, 'Commerce de gros', '2020-05-04 17:02:05', '2020-05-19 16:38:01'),
(470, 'Commerce de détail hyper supermarché grandes surface', '2020-05-04 17:02:05', '2020-05-19 16:38:01'),
(471, 'Commerce de détail boulangerie pâtisserie', '2020-05-04 17:02:05', '2020-05-19 16:38:01'),
(472, 'Commerce de détail restaurant', '2020-05-04 17:02:05', '2020-05-19 16:38:01'),
(473, 'Commerce de détail opticien', '2020-05-04 17:02:05', '2020-05-19 16:38:01'),
(474, 'Commerce de détail tabac presse', '2020-05-04 17:02:05', '2020-05-19 16:38:01'),
(475, 'Commerce de détail bar', '2020-05-04 17:02:05', '2020-05-19 16:38:01'),
(476, 'Commerce de détail pharmacie', '2020-05-04 17:02:05', '2020-05-19 16:38:01'),
(477, 'Commerce de détail fleuristes', '2020-05-04 17:02:05', '2020-05-19 16:38:01'),
(478, 'Commerce de détail parfumerie', '2020-05-04 17:02:05', '2020-05-19 16:38:01'),
(479, 'Commerce de détail viande', '2020-05-04 17:02:05', '2020-05-19 16:38:01'),
(480, 'Commerce de détail fruits et légumes', '2020-05-04 17:02:05', '2020-05-19 16:38:01'),
(481, 'Commerce de détail de carburant', '2020-05-04 17:02:05', '2020-05-19 16:38:01'),
(482, 'Commerce de détail animalerie', '2020-05-04 17:02:05', '2020-05-19 16:38:01'),
(490, 'Transport ferroviaire', '2020-05-04 17:02:05', '2020-05-19 16:38:01'),
(491, 'Transport routier taxis', '2020-05-04 17:02:05', '2020-05-19 16:38:01'),
(492, 'Transport routier camion', '2020-05-04 17:02:05', '2020-05-19 16:38:01'),
(493, 'Transport routier déménageur', '2020-05-04 17:02:05', '2020-05-19 16:38:01'),
(500, 'Transport par l’eau', '2020-05-04 17:02:05', '2020-05-19 16:38:01'),
(510, 'Transport aérien', '2020-05-04 17:02:05', '2020-05-19 16:38:01'),
(530, 'Activité liée à la poste', '2020-05-04 17:02:05', '2020-05-19 16:38:01'),
(540, 'Hébergement Hôtel', '2020-05-04 17:02:05', '2020-05-19 16:38:01'),
(541, 'Hébergement Camping', '2020-05-04 17:02:05', '2020-05-19 16:38:01'),
(542, 'Hébergement Privé', '2020-05-04 17:02:05', '2020-05-19 16:38:01'),
(560, 'Restauration traditionnelle à table', '2020-05-04 17:02:05', '2020-05-19 16:38:01'),
(561, 'Restauration rapide à emporter', '2020-05-04 17:02:05', '2020-05-19 16:38:01'),
(562, 'Restauration collectives', '2020-05-04 17:02:05', '2020-05-19 16:38:01'),
(563, 'Traiteurs', '2020-05-04 17:02:05', '2020-05-19 16:38:01'),
(580, 'Édition de livres ou journaux', '2020-05-04 17:02:05', '2020-05-19 16:38:01'),
(581, 'Édition de logiciel outil développement ou applicatif', '2020-05-04 17:02:05', '2020-05-19 16:38:01'),
(582, 'Édition de jeux', '2020-05-04 17:02:05', '2020-05-19 16:38:01'),
(590, 'Production de films', '2020-05-04 17:02:05', '2020-05-19 16:38:01'),
(600, 'Production et ou diffusion radio', '2020-05-04 17:02:05', '2020-05-19 16:38:01'),
(610, 'Télécommunication', '2020-05-04 17:02:05', '2020-05-19 16:38:01'),
(620, 'Conseils et maintenance en informatique', '2020-05-04 17:02:05', '2020-05-19 16:38:01'),
(630, 'Services d’information', '2020-05-04 17:02:05', '2020-05-19 16:38:01'),
(640, 'Activités bancaire', '2020-05-04 17:02:05', '2020-05-19 16:38:01'),
(650, 'Assurance', '2020-05-04 17:02:05', '2020-05-19 16:38:01'),
(660, 'Activités auxiliaires finances ou assurances', '2020-05-04 17:02:05', '2020-05-19 16:38:01'),
(680, 'Activité immobilière', '2020-05-04 17:02:05', '2020-05-19 16:38:01'),
(690, 'Activité juridique', '2020-05-04 17:02:05', '2020-05-19 16:38:01'),
(700, 'Conseil en gestion', '2020-05-04 17:02:05', '2020-05-19 16:38:01'),
(710, 'Activité architecture géomètre', '2020-05-04 17:02:05', '2020-05-19 16:38:01'),
(720, 'Recherche et développement', '2020-05-04 17:02:05', '2020-05-19 16:38:01'),
(730, 'Agence de publicités', '2020-05-04 17:02:05', '2020-05-19 16:38:01'),
(740, 'Design photographe interprète', '2020-05-04 17:02:05', '2020-05-19 16:38:01'),
(750, 'Vétérinaires', '2020-05-04 17:02:05', '2020-05-19 16:38:01'),
(770, 'Location de camion', '2020-05-04 17:02:05', '2020-05-19 16:38:01'),
(771, 'Location de voiture', '2020-05-04 17:02:05', '2020-05-19 16:38:01'),
(772, 'Location d’engin agricole', '2020-05-04 17:02:05', '2020-05-19 16:38:01'),
(780, 'Activité recherche d’emploi travail temporaire', '2020-05-04 17:02:05', '2020-05-19 16:38:01'),
(790, 'Agence de voyage', '2020-05-04 17:02:05', '2020-05-19 16:38:01'),
(800, 'Activité de sécurité privé', '2020-05-04 17:02:05', '2020-05-19 16:38:01'),
(810, 'Activité de nettoyage', '2020-05-04 17:02:05', '2020-05-19 16:38:01'),
(820, 'Activité de soutien aux entreprises', '2020-05-04 17:02:05', '2020-05-19 16:38:01'),
(840, 'Administration publique', '2020-05-04 17:02:05', '2020-05-19 16:38:01'),
(850, 'Enseignement primaire et maternel', '2020-05-04 17:02:05', '2020-05-19 16:38:01'),
(851, 'Enseignement secondaire', '2020-05-04 17:02:05', '2020-05-19 16:38:01'),
(852, 'Enseignement supérieur', '2020-05-04 17:02:05', '2020-05-19 16:38:01'),
(853, 'Enseignement conduite', '2020-05-04 17:02:05', '2020-05-19 16:38:01'),
(860, 'Hôpital clinique', '2020-05-04 17:02:05', '2020-05-19 16:38:01'),
(861, 'Cabinet médical médecin', '2020-05-04 17:02:05', '2020-05-19 16:38:01'),
(862, 'Dentiste', '2020-05-04 17:02:05', '2020-05-19 16:38:01'),
(863, 'Ambulances', '2020-05-04 17:02:05', '2020-05-19 16:38:01'),
(864, 'Radiologie', '2020-05-04 17:02:05', '2020-05-19 16:38:01'),
(865, 'Laboratoires d’analyse médicales', '2020-05-04 17:02:05', '2020-05-19 16:38:01'),
(866, 'Infirmier', '2020-05-04 17:02:05', '2020-05-19 16:38:01'),
(870, 'Maison de retraite EHPAD', '2020-05-04 17:02:05', '2020-05-19 16:38:01'),
(871, 'Hébergement social pour personnes handicapées', '2020-05-04 17:02:05', '2020-05-19 16:38:01'),
(900, 'Activité artistique', '2020-05-04 17:02:05', '2020-05-19 16:38:01'),
(910, 'Musé site historique ou touristique', '2020-05-04 17:02:05', '2020-05-19 16:38:01'),
(930, 'Club de sport', '2020-05-04 17:02:05', '2020-05-19 16:38:01'),
(960, 'Coiffeur', '2020-05-04 17:02:05', '2020-05-19 16:38:01'),
(961, 'Salon de beauté', '2020-05-04 17:02:05', '2020-05-19 16:38:01'),
(962, 'Pompes funèbres', '2020-05-04 17:02:05', '2020-05-19 16:38:01'),
(970, 'Activités en lien avec le ménage', '2020-05-04 17:02:05', '2020-05-19 16:38:01');

-- --------------------------------------------------------

--
-- Table structure for table `Commune`
--

CREATE TABLE `Commune` (
  `idCommune` int(10) UNSIGNED NOT NULL,
  `codePostal` int(5) UNSIGNED NOT NULL,
  `commune` varchar(27) DEFAULT NULL,
  `secteur` int(1) DEFAULT NULL,
  `created_at` datetime NOT NULL DEFAULT CURRENT_TIMESTAMP,
  `updated_at` datetime NOT NULL DEFAULT CURRENT_TIMESTAMP ON UPDATE CURRENT_TIMESTAMP
) ENGINE=InnoDB DEFAULT CHARSET=utf8;

--
-- Dumping data for table `Commune`
--

INSERT INTO `Commune` (`idCommune`, `codePostal`, `commune`, `secteur`, `created_at`, `updated_at`) VALUES
(1, 31000, 'TOULOUSE', 7, '2020-05-05 11:01:57', '2020-05-19 16:38:01'),
(2, 31100, 'TOULOUSE', 7, '2020-05-05 11:01:57', '2020-05-19 16:38:01'),
(3, 31200, 'TOULOUSE', 7, '2020-05-05 11:01:57', '2020-05-19 16:38:01'),
(4, 31300, 'TOULOUSE', 7, '2020-05-05 11:01:57', '2020-05-19 16:38:01'),
(5, 31400, 'TOULOUSE', 7, '2020-05-05 11:01:57', '2020-05-19 16:38:01'),
(6, 31500, 'TOULOUSE', 7, '2020-05-05 11:01:57', '2020-05-19 16:38:01'),
(7, 31110, 'ANTIGNAC', 6, '2020-05-05 11:01:57', '2020-05-19 16:38:01'),
(8, 31110, 'ARTIGUE', 6, '2020-05-05 11:01:57', '2020-05-19 16:38:01'),
(9, 31110, 'BAGNERES-DE-LUCHON', 6, '2020-05-05 11:01:57', '2020-05-19 16:38:01'),
(10, 31110, 'BENQUE-DESSOUS-ET-DESSUS', 6, '2020-05-05 11:01:57', '2020-05-19 16:38:01'),
(11, 31110, 'BILLIERE', 6, '2020-05-05 11:01:57', '2020-05-19 16:38:01'),
(12, 31110, 'BOURG-D\'OUEIL', 6, '2020-05-05 11:01:57', '2020-05-19 16:38:01'),
(13, 31110, 'CASTILLON-DE-LARBOUST', 6, '2020-05-05 11:01:57', '2020-05-19 16:38:01'),
(14, 31110, 'CATHERVIELLE', 6, '2020-05-05 11:01:57', '2020-05-19 16:38:01'),
(15, 31110, 'CAUBOUS', 6, '2020-05-05 11:01:57', '2020-05-19 16:38:01'),
(16, 31110, 'CAZARIL-LASPENES', 6, '2020-05-05 11:01:57', '2020-05-19 16:38:01'),
(17, 31110, 'CAZEAUX-DE-LARBOUST', 6, '2020-05-05 11:01:57', '2020-05-19 16:38:01'),
(18, 31110, 'CIER-DE-LUCHON', 6, '2020-05-05 11:01:57', '2020-05-19 16:38:01'),
(19, 31110, 'CIRES', 6, '2020-05-05 11:01:57', '2020-05-19 16:38:01'),
(20, 31110, 'GARIN', 6, '2020-05-05 11:01:57', '2020-05-19 16:38:01'),
(21, 31110, 'GOUAUX-DE-LARBOUST', 6, '2020-05-05 11:01:57', '2020-05-19 16:38:01'),
(22, 31110, 'GOUAUX-DE-LUCHON', 6, '2020-05-05 11:01:57', '2020-05-19 16:38:01'),
(23, 31110, 'JURVIELLE', 6, '2020-05-05 11:01:57', '2020-05-19 16:38:01'),
(24, 31110, 'JUZET-DE-LUCHON', 6, '2020-05-05 11:01:57', '2020-05-19 16:38:01'),
(25, 31110, 'MAYREGNE', 6, '2020-05-05 11:01:57', '2020-05-19 16:38:01'),
(26, 31110, 'MONTAUBAN-DE-LUCHON', 6, '2020-05-05 11:01:57', '2020-05-19 16:38:01'),
(27, 31110, 'MOUSTAJON', 6, '2020-05-05 11:01:57', '2020-05-19 16:38:01'),
(28, 31110, 'OO', 6, '2020-05-05 11:01:57', '2020-05-19 16:38:01'),
(29, 31110, 'PORTET-DE-LUCHON', 6, '2020-05-05 11:01:57', '2020-05-19 16:38:01'),
(30, 31110, 'POUBEAU', 6, '2020-05-05 11:01:57', '2020-05-19 16:38:01'),
(31, 31110, 'SACCOURVIELLE', 6, '2020-05-05 11:01:57', '2020-05-19 16:38:01'),
(32, 31110, 'SAINT-AVENTIN', 6, '2020-05-05 11:01:57', '2020-05-19 16:38:01'),
(33, 31110, 'SAINT-MAMET', 6, '2020-05-05 11:01:57', '2020-05-19 16:38:01'),
(34, 31110, 'SAINT-PAUL-D\'OUEIL', 6, '2020-05-05 11:01:57', '2020-05-19 16:38:01'),
(35, 31110, 'SALLES-ET-PRATVIEL', 6, '2020-05-05 11:01:57', '2020-05-19 16:38:01'),
(36, 31110, 'SODE', 6, '2020-05-05 11:01:57', '2020-05-19 16:38:01'),
(37, 31110, 'TREBONS-DE-LUCHON', 6, '2020-05-05 11:01:57', '2020-05-19 16:38:01'),
(38, 31120, 'GOYRANS', 5, '2020-05-05 11:01:57', '2020-05-19 16:38:01'),
(39, 31120, 'LACROIX-FALGARDE', 5, '2020-05-05 11:01:57', '2020-05-19 16:38:01'),
(40, 31120, 'PINSAGUEL', 5, '2020-05-05 11:01:57', '2020-05-19 16:38:01'),
(41, 31120, 'PORTET-SUR-GARONNE', 5, '2020-05-05 11:01:57', '2020-05-19 16:38:01'),
(42, 31120, 'ROQUES', 5, '2020-05-05 11:01:57', '2020-05-19 16:38:01'),
(43, 31120, 'ROQUETTES', 5, '2020-05-05 11:01:57', '2020-05-19 16:38:01'),
(44, 31130, 'BALMA', 4, '2020-05-05 11:01:57', '2020-05-19 16:38:01'),
(45, 31130, 'FLOURENS', 4, '2020-05-05 11:01:57', '2020-05-19 16:38:01'),
(46, 31130, 'PIN-BALMA', 4, '2020-05-05 11:01:57', '2020-05-19 16:38:01'),
(47, 31130, 'QUINT-FONSEGRIVES', 4, '2020-05-05 11:01:57', '2020-05-19 16:38:01'),
(48, 31140, 'AUCAMVILLE', 2, '2020-05-05 11:01:57', '2020-05-19 16:38:01'),
(49, 31140, 'FONBEAUZARD', 2, '2020-05-05 11:01:57', '2020-05-19 16:38:01'),
(50, 31140, 'LAUNAGUET', 2, '2020-05-05 11:01:57', '2020-05-19 16:38:01'),
(51, 31140, 'MONTBERON', 2, '2020-05-05 11:01:57', '2020-05-19 16:38:01'),
(52, 31140, 'PECHBONNIEU', 2, '2020-05-05 11:01:57', '2020-05-19 16:38:01'),
(53, 31140, 'SAINT-ALBAN', 2, '2020-05-05 11:01:57', '2020-05-19 16:38:01'),
(54, 31140, 'SAINT-LOUP-CAMMAS', 2, '2020-05-05 11:01:57', '2020-05-19 16:38:01'),
(55, 31150, 'BRUGUIERES', 2, '2020-05-05 11:01:57', '2020-05-19 16:38:01'),
(56, 31150, 'FENOUILLET', 2, '2020-05-05 11:01:57', '2020-05-19 16:38:01'),
(57, 31150, 'GAGNAC-SUR-GARONNE', 2, '2020-05-05 11:01:57', '2020-05-19 16:38:01'),
(58, 31150, 'GRATENTOUR', 2, '2020-05-05 11:01:57', '2020-05-19 16:38:01'),
(59, 31150, 'LESPINASSE', 2, '2020-05-05 11:01:57', '2020-05-19 16:38:01'),
(60, 31160, 'ARBAS', 6, '2020-05-05 11:01:57', '2020-05-19 16:38:01'),
(61, 31160, 'ARBON', 6, '2020-05-05 11:01:57', '2020-05-19 16:38:01'),
(62, 31160, 'ARGUENOS', 6, '2020-05-05 11:01:57', '2020-05-19 16:38:01'),
(63, 31160, 'ASPET', 6, '2020-05-05 11:01:57', '2020-05-19 16:38:01'),
(64, 31160, 'CABANAC-CAZAUX', 6, '2020-05-05 11:01:57', '2020-05-19 16:38:01'),
(65, 31160, 'CASTELBIAGUE', 6, '2020-05-05 11:01:57', '2020-05-19 16:38:01'),
(66, 31160, 'CAZAUNOUS', 6, '2020-05-05 11:01:57', '2020-05-19 16:38:01'),
(67, 31160, 'CHEIN-DESSUS', 6, '2020-05-05 11:01:57', '2020-05-19 16:38:01'),
(68, 31160, 'COURET', 6, '2020-05-05 11:01:57', '2020-05-19 16:38:01'),
(69, 31160, 'ENCAUSSE-LES-THERMES', 6, '2020-05-05 11:01:57', '2020-05-19 16:38:01'),
(70, 31160, 'ESTADENS', 6, '2020-05-05 11:01:57', '2020-05-19 16:38:01'),
(71, 31160, 'FOUGARON', 6, '2020-05-05 11:01:57', '2020-05-19 16:38:01'),
(72, 31160, 'GANTIES', 6, '2020-05-05 11:01:57', '2020-05-19 16:38:01'),
(73, 31160, 'HERRAN', 6, '2020-05-05 11:01:57', '2020-05-19 16:38:01'),
(74, 31160, 'IZAUT-DE-L\'HOTEL', 6, '2020-05-05 11:01:57', '2020-05-19 16:38:01'),
(75, 31160, 'JUZET-D\'IZAUT', 6, '2020-05-05 11:01:57', '2020-05-19 16:38:01'),
(76, 31160, 'LESPITEAU', 6, '2020-05-05 11:01:57', '2020-05-19 16:38:01'),
(77, 31160, 'MILHAS', 6, '2020-05-05 11:01:57', '2020-05-19 16:38:01'),
(78, 31160, 'MONCAUP', 6, '2020-05-05 11:01:57', '2020-05-19 16:38:01'),
(79, 31160, 'MONTASTRUC-DE-SALIES', 6, '2020-05-05 11:01:57', '2020-05-19 16:38:01'),
(80, 31160, 'PORTET-D\'ASPET', 6, '2020-05-05 11:01:57', '2020-05-19 16:38:01'),
(81, 31160, 'RAZECUEILLE', 6, '2020-05-05 11:01:57', '2020-05-19 16:38:01'),
(82, 31160, 'ROUEDE', 6, '2020-05-05 11:01:57', '2020-05-19 16:38:01'),
(83, 31160, 'SENGOUAGNET', 6, '2020-05-05 11:01:57', '2020-05-19 16:38:01'),
(84, 31160, 'SOUEICH', 6, '2020-05-05 11:01:57', '2020-05-19 16:38:01'),
(85, 31170, 'TOURNEFEUILLE', 7, '2020-05-05 11:01:57', '2020-05-19 16:38:01'),
(86, 31180, 'CASTELMAUROU', 2, '2020-05-05 11:01:57', '2020-05-19 16:38:01'),
(87, 31180, 'LAPEYROUSE-FOSSAT', 2, '2020-05-05 11:01:57', '2020-05-19 16:38:01'),
(88, 31180, 'ROUFFIAC-TOLOSAN', 2, '2020-05-05 11:01:57', '2020-05-19 16:38:01'),
(89, 31180, 'SAINT-GENIES-BELLEVUE', 2, '2020-05-05 11:01:57', '2020-05-19 16:38:01'),
(90, 31190, 'AURAGNE', 5, '2020-05-05 11:01:57', '2020-05-19 16:38:01'),
(91, 31190, 'AURIBAIL', 5, '2020-05-05 11:01:57', '2020-05-19 16:38:01'),
(92, 31190, 'AUTERIVE', 5, '2020-05-05 11:01:57', '2020-05-19 16:38:01'),
(93, 31190, 'CAUJAC', 5, '2020-05-05 11:01:57', '2020-05-19 16:38:01'),
(94, 31190, 'ESPERCE', 5, '2020-05-05 11:01:57', '2020-05-19 16:38:01'),
(95, 31190, 'GRAZAC', 5, '2020-05-05 11:01:57', '2020-05-19 16:38:01'),
(96, 31190, 'GREPIAC', 5, '2020-05-05 11:01:57', '2020-05-19 16:38:01'),
(97, 31190, 'LABRUYERE-DORSA', 5, '2020-05-05 11:01:57', '2020-05-19 16:38:01'),
(98, 31190, 'LAGRACE-DIEU', 5, '2020-05-05 11:01:57', '2020-05-19 16:38:01'),
(99, 31190, 'MAURESSAC', 5, '2020-05-05 11:01:57', '2020-05-19 16:38:01'),
(100, 31190, 'MAUVAISIN', 5, '2020-05-05 11:01:57', '2020-05-19 16:38:01'),
(101, 31190, 'MIREMONT', 5, '2020-05-05 11:01:57', '2020-05-19 16:38:01'),
(102, 31190, 'PUYDANIEL', 5, '2020-05-05 11:01:57', '2020-05-19 16:38:01'),
(103, 31210, 'ARDIEGE', 6, '2020-05-05 11:01:57', '2020-05-19 16:38:01'),
(104, 31210, 'AUSSON', 6, '2020-05-05 11:01:57', '2020-05-19 16:38:01'),
(105, 31210, 'BORDES-DE-RIVIERE', 6, '2020-05-05 11:01:57', '2020-05-19 16:38:01'),
(106, 31210, 'CLARAC', 6, '2020-05-05 11:01:57', '2020-05-19 16:38:01'),
(107, 31210, 'CUGURON', 3, '2020-05-05 11:01:57', '2020-05-19 16:38:01'),
(108, 31210, 'LE CUING', 3, '2020-05-05 11:01:57', '2020-05-19 16:38:01'),
(109, 31210, 'FRANQUEVIELLE', 3, '2020-05-05 11:01:57', '2020-05-19 16:38:01'),
(110, 31210, 'GOURDAN-POLIGNAN', 6, '2020-05-05 11:01:57', '2020-05-19 16:38:01'),
(111, 31210, 'HUOS', 6, '2020-05-05 11:01:57', '2020-05-19 16:38:01'),
(112, 31210, 'MARTRES-DE-RIVIERE', 6, '2020-05-05 11:01:57', '2020-05-19 16:38:01'),
(113, 31210, 'MONTREJEAU', 6, '2020-05-05 11:01:57', '2020-05-19 16:38:01'),
(114, 31210, 'POINTIS-DE-RIVIERE', 6, '2020-05-05 11:01:57', '2020-05-19 16:38:01'),
(115, 31210, 'PONLAT-TAILLEBOURG', 6, '2020-05-05 11:01:57', '2020-05-19 16:38:01'),
(116, 31210, 'LES TOURREILLES', 3, '2020-05-05 11:01:57', '2020-05-19 16:38:01'),
(117, 31220, 'CAZERES', 5, '2020-05-05 11:01:57', '2020-05-19 16:38:01'),
(118, 31220, 'COULADERE', 5, '2020-05-05 11:01:57', '2020-05-19 16:38:01'),
(119, 31220, 'LAVELANET-DE-COMMINGES', 5, '2020-05-05 11:01:57', '2020-05-19 16:38:01'),
(120, 31220, 'LESCUNS', 3, '2020-05-05 11:01:57', '2020-05-19 16:38:01'),
(121, 31220, 'MARIGNAC-LASPEYRES', 3, '2020-05-05 11:01:57', '2020-05-19 16:38:01'),
(122, 31220, 'MARTRES-TOLOSANE', 5, '2020-05-05 11:01:57', '2020-05-19 16:38:01'),
(123, 31220, 'MAURAN', 5, '2020-05-05 11:01:57', '2020-05-19 16:38:01'),
(124, 31220, 'MONDAVEZAN', 3, '2020-05-05 11:01:57', '2020-05-19 16:38:01'),
(125, 31220, 'MONTBERAUD', 5, '2020-05-05 11:01:57', '2020-05-19 16:38:01'),
(126, 31220, 'MONTCLAR-DE-COMMINGES', 5, '2020-05-05 11:01:57', '2020-05-19 16:38:01'),
(127, 31220, 'PALAMINY', 5, '2020-05-05 11:01:57', '2020-05-19 16:38:01'),
(128, 31220, 'PLAGNE', 5, '2020-05-05 11:01:57', '2020-05-19 16:38:01'),
(129, 31220, 'LE PLAN', 5, '2020-05-05 11:01:57', '2020-05-19 16:38:01'),
(130, 31220, 'SAINT-JULIEN-SUR-GARONNE', 5, '2020-05-05 11:01:57', '2020-05-19 16:38:01'),
(131, 31220, 'SAINT-MICHEL', 5, '2020-05-05 11:01:57', '2020-05-19 16:38:01'),
(132, 31220, 'SANA', 3, '2020-05-05 11:01:57', '2020-05-19 16:38:01'),
(133, 31230, 'AGASSAC', 3, '2020-05-05 11:01:57', '2020-05-19 16:38:01'),
(134, 31230, 'AMBAX', 3, '2020-05-05 11:01:57', '2020-05-19 16:38:01'),
(135, 31230, 'ANAN', 3, '2020-05-05 11:01:57', '2020-05-19 16:38:01'),
(136, 31230, 'BOISSEDE', 3, '2020-05-05 11:01:57', '2020-05-19 16:38:01'),
(137, 31230, 'CASTELGAILLARD', 3, '2020-05-05 11:01:57', '2020-05-19 16:38:01'),
(138, 31230, 'COUEILLES', 3, '2020-05-05 11:01:57', '2020-05-19 16:38:01'),
(139, 31230, 'FABAS', 3, '2020-05-05 11:01:57', '2020-05-19 16:38:01'),
(140, 31230, 'FRONTIGNAN-SAVES', 3, '2020-05-05 11:01:57', '2020-05-19 16:38:01'),
(141, 31230, 'GOUDEX', 3, '2020-05-05 11:01:57', '2020-05-19 16:38:01'),
(142, 31230, 'L\'ISLE-EN-DODON', 3, '2020-05-05 11:01:57', '2020-05-19 16:38:01'),
(143, 31230, 'LABASTIDE-PAUMES', 3, '2020-05-05 11:01:57', '2020-05-19 16:38:01'),
(144, 31230, 'LILHAC', 3, '2020-05-05 11:01:57', '2020-05-19 16:38:01'),
(145, 31230, 'MARTISSERRE', 3, '2020-05-05 11:01:57', '2020-05-19 16:38:01'),
(146, 31230, 'MAUVEZIN', 3, '2020-05-05 11:01:57', '2020-05-19 16:38:01'),
(147, 31230, 'MIRAMBEAU', 3, '2020-05-05 11:01:57', '2020-05-19 16:38:01'),
(148, 31230, 'MOLAS', 3, '2020-05-05 11:01:57', '2020-05-19 16:38:01'),
(149, 31230, 'MONTBERNARD', 3, '2020-05-05 11:01:57', '2020-05-19 16:38:01'),
(150, 31230, 'MONTESQUIEU-GUITTAUT', 3, '2020-05-05 11:01:57', '2020-05-19 16:38:01'),
(151, 31230, 'PUYMAURIN', 3, '2020-05-05 11:01:57', '2020-05-19 16:38:01'),
(152, 31230, 'RIOLAS', 3, '2020-05-05 11:01:57', '2020-05-19 16:38:01'),
(153, 31230, 'SAINT-FRAJOU', 3, '2020-05-05 11:01:57', '2020-05-19 16:38:01'),
(154, 31230, 'SAINT-LAURENT', 3, '2020-05-05 11:01:57', '2020-05-19 16:38:01'),
(155, 31230, 'SALERM', 3, '2020-05-05 11:01:57', '2020-05-19 16:38:01'),
(156, 31230, 'CAZAC', 3, '2020-05-05 11:01:57', '2020-05-19 16:38:01'),
(157, 31240, 'SAINT-JEAN', 2, '2020-05-05 11:01:57', '2020-05-19 16:38:01'),
(158, 31240, 'L\'UNION', 2, '2020-05-05 11:01:57', '2020-05-19 16:38:01'),
(159, 31250, 'REVEL', 4, '2020-05-05 11:01:57', '2020-05-19 16:38:01'),
(160, 31250, 'VAUDREUILLE', 4, '2020-05-05 11:01:57', '2020-05-19 16:38:01'),
(161, 31260, 'AUSSEING', 5, '2020-05-05 11:01:57', '2020-05-19 16:38:01'),
(162, 31260, 'BELBEZE-EN-COMMINGES', 5, '2020-05-05 11:01:57', '2020-05-19 16:38:01'),
(163, 31260, 'CASSAGNE', 5, '2020-05-05 11:01:57', '2020-05-19 16:38:01'),
(164, 31260, 'CASTAGNEDE', 6, '2020-05-05 11:01:57', '2020-05-19 16:38:01'),
(165, 31260, 'FIGAROL', 5, '2020-05-05 11:01:57', '2020-05-19 16:38:01'),
(166, 31260, 'FRANCAZAL', 6, '2020-05-05 11:01:57', '2020-05-19 16:38:01'),
(167, 31260, 'HIS', 6, '2020-05-05 11:01:57', '2020-05-19 16:38:01'),
(168, 31260, 'MANE', 6, '2020-05-05 11:01:57', '2020-05-19 16:38:01'),
(169, 31260, 'MARSOULAS', 5, '2020-05-05 11:01:57', '2020-05-19 16:38:01'),
(170, 31260, 'MAZERES-SUR-SALAT', 5, '2020-05-05 11:01:57', '2020-05-19 16:38:01'),
(171, 31260, 'MONTESPAN', 6, '2020-05-05 11:01:57', '2020-05-19 16:38:01'),
(172, 31260, 'MONTGAILLARD-DE-SALIES', 6, '2020-05-05 11:01:57', '2020-05-19 16:38:01'),
(173, 31260, 'MONTSAUNES', 5, '2020-05-05 11:01:57', '2020-05-19 16:38:01'),
(174, 31260, 'SALEICH', 6, '2020-05-05 11:01:57', '2020-05-19 16:38:01'),
(175, 31260, 'SALIES-DU-SALAT', 5, '2020-05-05 11:01:57', '2020-05-19 16:38:01'),
(176, 31260, 'TOUILLE', 5, '2020-05-05 11:01:57', '2020-05-19 16:38:01'),
(177, 31260, 'URAU', 6, '2020-05-05 11:01:57', '2020-05-19 16:38:01'),
(178, 31260, 'ESCOULIS', 5, '2020-05-05 11:01:57', '2020-05-19 16:38:01'),
(179, 31270, 'CUGNAUX', 3, '2020-05-05 11:01:57', '2020-05-19 16:38:01'),
(180, 31270, 'FROUZINS', 3, '2020-05-05 11:01:57', '2020-05-19 16:38:01'),
(181, 31270, 'VILLENEUVE-TOLOSANE', 3, '2020-05-05 11:01:57', '2020-05-19 16:38:01'),
(182, 31280, 'AIGREFEUILLE', 4, '2020-05-05 11:01:57', '2020-05-19 16:38:01'),
(183, 31280, 'DREMIL-LAFAGE', 4, '2020-05-05 11:01:57', '2020-05-19 16:38:01'),
(184, 31280, 'MONS', 4, '2020-05-05 11:01:57', '2020-05-19 16:38:01'),
(185, 31290, 'AVIGNONET-LAURAGAIS', 4, '2020-05-05 11:01:57', '2020-05-19 16:38:01'),
(186, 31290, 'BEAUTEVILLE', 5, '2020-05-05 11:01:57', '2020-05-19 16:38:01'),
(187, 31290, 'CESSALES', 4, '2020-05-05 11:01:57', '2020-05-19 16:38:01'),
(188, 31290, 'FOLCARDE', 4, '2020-05-05 11:01:57', '2020-05-19 16:38:01'),
(189, 31290, 'GARDOUCH', 2, '2020-05-05 11:01:57', '2020-05-19 16:38:01'),
(190, 31290, 'LAGARDE', 5, '2020-05-05 11:01:57', '2020-05-19 16:38:01'),
(191, 31290, 'LUX', 4, '2020-05-05 11:01:57', '2020-05-19 16:38:01'),
(192, 31290, 'MAUREMONT', 4, '2020-05-05 11:01:57', '2020-05-19 16:38:01'),
(193, 31290, 'MONTCLAR-LAURAGAIS', 4, '2020-05-05 11:01:57', '2020-05-19 16:38:01'),
(194, 31290, 'MONTGAILLARD-LAURAGAIS', 4, '2020-05-05 11:01:57', '2020-05-19 16:38:01'),
(195, 31290, 'RENNEVILLE', 4, '2020-05-05 11:01:57', '2020-05-19 16:38:01'),
(196, 31290, 'RIEUMAJOU', 4, '2020-05-05 11:01:57', '2020-05-19 16:38:01'),
(197, 31290, 'SAINT-GERMIER', 4, '2020-05-05 11:01:57', '2020-05-19 16:38:01'),
(198, 31290, 'SAINT-ROME', 4, '2020-05-05 11:01:57', '2020-05-19 16:38:01'),
(199, 31290, 'SAINT-VINCENT', 4, '2020-05-05 11:01:57', '2020-05-19 16:38:01'),
(200, 31290, 'TREBONS-SUR-LA-GRASSE', 4, '2020-05-05 11:01:57', '2020-05-19 16:38:01'),
(201, 31290, 'VALLEGUE', 4, '2020-05-05 11:01:57', '2020-05-19 16:38:01'),
(202, 31290, 'VIEILLEVIGNE', 4, '2020-05-05 11:01:57', '2020-05-19 16:38:01'),
(203, 31290, 'VILLEFRANCHE-DE-LAURAGAIS', 4, '2020-05-05 11:01:57', '2020-05-19 16:38:01'),
(204, 31290, 'VILLENOUVELLE', 4, '2020-05-05 11:01:57', '2020-05-19 16:38:01'),
(205, 31310, 'BAX', 5, '2020-05-05 11:01:57', '2020-05-19 16:38:01'),
(206, 31310, 'CANENS', 5, '2020-05-05 11:01:57', '2020-05-19 16:38:01'),
(207, 31310, 'CASTAGNAC', 5, '2020-05-05 11:01:57', '2020-05-19 16:38:01'),
(208, 31310, 'GENSAC-SUR-GARONNE', 5, '2020-05-05 11:01:57', '2020-05-19 16:38:01'),
(209, 31310, 'GOUTEVERNISSE', 5, '2020-05-05 11:01:57', '2020-05-19 16:38:01'),
(210, 31310, 'GOUZENS', 5, '2020-05-05 11:01:57', '2020-05-19 16:38:01'),
(211, 31310, 'LAHITERE', 5, '2020-05-05 11:01:57', '2020-05-19 16:38:01'),
(212, 31310, 'LAPEYRERE', 5, '2020-05-05 11:01:57', '2020-05-19 16:38:01'),
(213, 31310, 'LATOUR', 5, '2020-05-05 11:01:57', '2020-05-19 16:38:01'),
(214, 31310, 'LATRAPE', 5, '2020-05-05 11:01:57', '2020-05-19 16:38:01'),
(215, 31310, 'MAILHOLAS', 5, '2020-05-05 11:01:57', '2020-05-19 16:38:01'),
(216, 31310, 'MASSABRAC', 5, '2020-05-05 11:01:57', '2020-05-19 16:38:01'),
(217, 31310, 'MONTBRUN-BOCAGE', 5, '2020-05-05 11:01:57', '2020-05-19 16:38:01'),
(218, 31310, 'MONTESQUIEU-VOLVESTRE', 5, '2020-05-05 11:01:57', '2020-05-19 16:38:01'),
(219, 31310, 'RIEUX-VOLVESTRE', 5, '2020-05-05 11:01:57', '2020-05-19 16:38:01'),
(220, 31310, 'SAINT-CHRISTAUD', 5, '2020-05-05 11:01:57', '2020-05-19 16:38:01'),
(221, 31320, 'AUREVILLE', 5, '2020-05-05 11:01:57', '2020-05-19 16:38:01'),
(222, 31320, 'AUZEVILLE-TOLOSANE', 4, '2020-05-05 11:01:57', '2020-05-19 16:38:01'),
(223, 31320, 'CASTANET-TOLOSAN', 5, '2020-05-05 11:01:57', '2020-05-19 16:38:01'),
(224, 31320, 'MERVILLA', 5, '2020-05-05 11:01:57', '2020-05-19 16:38:01'),
(225, 31320, 'PECHABOU', 5, '2020-05-05 11:01:57', '2020-05-19 16:38:01'),
(226, 31320, 'PECHBUSQUE', 5, '2020-05-05 11:01:57', '2020-05-19 16:38:01'),
(227, 31320, 'REBIGUE', 5, '2020-05-05 11:01:57', '2020-05-19 16:38:01'),
(228, 31320, 'VIEILLE-TOULOUSE', 5, '2020-05-05 11:01:57', '2020-05-19 16:38:01'),
(229, 31320, 'VIGOULET-AUZIL', 5, '2020-05-05 11:01:57', '2020-05-19 16:38:01'),
(230, 31330, 'LE BURGAUD', 1, '2020-05-05 11:01:57', '2020-05-19 16:38:01'),
(231, 31330, 'GRENADE', 1, '2020-05-05 11:01:57', '2020-05-19 16:38:01'),
(232, 31330, 'LAUNAC', 1, '2020-05-05 11:01:57', '2020-05-19 16:38:01'),
(233, 31330, 'MERVILLE', 1, '2020-05-05 11:01:57', '2020-05-19 16:38:01'),
(234, 31330, 'ONDES', 1, '2020-05-05 11:01:57', '2020-05-19 16:38:01'),
(235, 31330, 'SAINT-CEZERT', 1, '2020-05-05 11:01:57', '2020-05-19 16:38:01'),
(236, 31330, 'LARRA', 1, '2020-05-05 11:01:57', '2020-05-19 16:38:01'),
(237, 31340, 'BONDIGOUX', 2, '2020-05-05 11:01:57', '2020-05-19 16:38:01'),
(238, 31340, 'LE BORN', 2, '2020-05-05 11:01:57', '2020-05-19 16:38:01'),
(239, 31340, 'LAYRAC-SUR-TARN', 2, '2020-05-05 11:01:57', '2020-05-19 16:38:01'),
(240, 31340, 'LA MAGDELAINE-SUR-TARN', 2, '2020-05-05 11:01:57', '2020-05-19 16:38:01'),
(241, 31340, 'MIREPOIX-SUR-TARN', 2, '2020-05-05 11:01:57', '2020-05-19 16:38:01'),
(242, 31340, 'VACQUIERS', 2, '2020-05-05 11:01:57', '2020-05-19 16:38:01'),
(243, 31340, 'VILLEMATIER', 2, '2020-05-05 11:01:57', '2020-05-19 16:38:01'),
(244, 31340, 'VILLEMUR-SUR-TARN', 2, '2020-05-05 11:01:57', '2020-05-19 16:38:01'),
(245, 31350, 'BLAJAN', 3, '2020-05-05 11:01:57', '2020-05-19 16:38:01'),
(246, 31350, 'BOULOGNE-SUR-GESSE', 3, '2020-05-05 11:01:57', '2020-05-19 16:38:01'),
(247, 31350, 'CARDEILHAC', 3, '2020-05-05 11:01:57', '2020-05-19 16:38:01'),
(248, 31350, 'CASTERA-VIGNOLES', 3, '2020-05-05 11:01:57', '2020-05-19 16:38:01'),
(249, 31350, 'CHARLAS', 3, '2020-05-05 11:01:57', '2020-05-19 16:38:01'),
(250, 31350, 'CIADOUX', 3, '2020-05-05 11:01:57', '2020-05-19 16:38:01'),
(251, 31350, 'ESCANECRABE', 3, '2020-05-05 11:01:57', '2020-05-19 16:38:01'),
(252, 31350, 'GENSAC-DE-BOULOGNE', 3, '2020-05-05 11:01:57', '2020-05-19 16:38:01'),
(253, 31350, 'LESPUGUE', 3, '2020-05-05 11:01:57', '2020-05-19 16:38:01'),
(254, 31350, 'LUNAX', 3, '2020-05-05 11:01:57', '2020-05-19 16:38:01'),
(255, 31350, 'MONDILHAN', 3, '2020-05-05 11:01:57', '2020-05-19 16:38:01'),
(256, 31350, 'MONTGAILLARD-SUR-SAVE', 3, '2020-05-05 11:01:57', '2020-05-19 16:38:01'),
(257, 31350, 'MONTMAURIN', 3, '2020-05-05 11:01:57', '2020-05-19 16:38:01'),
(258, 31350, 'NENIGAN', 3, '2020-05-05 11:01:57', '2020-05-19 16:38:01'),
(259, 31350, 'NIZAN-GESSE', 3, '2020-05-05 11:01:57', '2020-05-19 16:38:01'),
(260, 31350, 'PEGUILHAN', 3, '2020-05-05 11:01:57', '2020-05-19 16:38:01'),
(261, 31350, 'SAINT-FERREOL-DE-COMMINGES', 3, '2020-05-05 11:01:57', '2020-05-19 16:38:01'),
(262, 31350, 'SAINT-LARY-BOUJEAN', 3, '2020-05-05 11:01:57', '2020-05-19 16:38:01'),
(263, 31350, 'SAINT-LOUP-EN-COMMINGES', 3, '2020-05-05 11:01:57', '2020-05-19 16:38:01'),
(264, 31350, 'SAINT-PE-DELBOSC', 3, '2020-05-05 11:01:57', '2020-05-19 16:38:01'),
(265, 31350, 'SAMAN', 3, '2020-05-05 11:01:57', '2020-05-19 16:38:01'),
(266, 31350, 'SARRECAVE', 3, '2020-05-05 11:01:57', '2020-05-19 16:38:01'),
(267, 31350, 'SARREMEZAN', 3, '2020-05-05 11:01:57', '2020-05-19 16:38:01'),
(268, 31360, 'ARNAUD-GUILHEM', 3, '2020-05-05 11:01:57', '2020-05-19 16:38:01'),
(269, 31360, 'AUZAS', 3, '2020-05-05 11:01:57', '2020-05-19 16:38:01'),
(270, 31360, 'BEAUCHALOT', 6, '2020-05-05 11:01:57', '2020-05-19 16:38:01'),
(271, 31360, 'BOUSSENS', 3, '2020-05-05 11:01:57', '2020-05-19 16:38:01'),
(272, 31360, 'CASTILLON-DE-SAINT-MARTORY', 3, '2020-05-05 11:01:57', '2020-05-19 16:38:01'),
(273, 31360, 'LE FRECHET', 3, '2020-05-05 11:01:57', '2020-05-19 16:38:01'),
(274, 31360, 'LAFFITE-TOUPIERE', 3, '2020-05-05 11:01:57', '2020-05-19 16:38:01'),
(275, 31360, 'LESTELLE-DE-SAINT-MARTORY', 3, '2020-05-05 11:01:57', '2020-05-19 16:38:01'),
(276, 31360, 'MANCIOUX', 3, '2020-05-05 11:01:57', '2020-05-19 16:38:01'),
(277, 31360, 'PROUPIARY', 3, '2020-05-05 11:01:57', '2020-05-19 16:38:01'),
(278, 31360, 'ROQUEFORT-SUR-GARONNE', 5, '2020-05-05 11:01:57', '2020-05-19 16:38:01'),
(279, 31360, 'SAINT-MARTORY', 3, '2020-05-05 11:01:57', '2020-05-19 16:38:01'),
(280, 31360, 'SAINT-MEDARD', 6, '2020-05-05 11:01:57', '2020-05-19 16:38:01'),
(281, 31360, 'SEPX', 3, '2020-05-05 11:01:57', '2020-05-19 16:38:01'),
(282, 31370, 'BEAUFORT', 3, '2020-05-05 11:01:57', '2020-05-19 16:38:01'),
(283, 31370, 'BERAT', 3, '2020-05-05 11:01:57', '2020-05-19 16:38:01'),
(284, 31370, 'FORGUES', 3, '2020-05-05 11:01:57', '2020-05-19 16:38:01'),
(285, 31370, 'LABASTIDE-CLERMONT', 3, '2020-05-05 11:01:57', '2020-05-19 16:38:01'),
(286, 31370, 'LAHAGE', 3, '2020-05-05 11:01:57', '2020-05-19 16:38:01'),
(287, 31370, 'LAUTIGNAC', 3, '2020-05-05 11:01:57', '2020-05-19 16:38:01'),
(288, 31370, 'MONES', 3, '2020-05-05 11:01:57', '2020-05-19 16:38:01'),
(289, 31370, 'MONTASTRUC-SAVES', 3, '2020-05-05 11:01:57', '2020-05-19 16:38:01'),
(290, 31370, 'MONTGRAS', 3, '2020-05-05 11:01:57', '2020-05-19 16:38:01'),
(291, 31370, 'LE PIN-MURELET', 3, '2020-05-05 11:01:57', '2020-05-19 16:38:01'),
(292, 31370, 'PLAGNOLE', 3, '2020-05-05 11:01:57', '2020-05-19 16:38:01'),
(293, 31370, 'POUCHARRAMET', 3, '2020-05-05 11:01:57', '2020-05-19 16:38:01'),
(294, 31370, 'RIEUMES', 3, '2020-05-05 11:01:57', '2020-05-19 16:38:01'),
(295, 31370, 'SABONNERES', 3, '2020-05-05 11:01:57', '2020-05-19 16:38:01'),
(296, 31370, 'SAJAS', 3, '2020-05-05 11:01:57', '2020-05-19 16:38:01'),
(297, 31370, 'SAVERES', 3, '2020-05-05 11:01:57', '2020-05-19 16:38:01'),
(298, 31380, 'AZAS', 2, '2020-05-05 11:01:57', '2020-05-19 16:38:01'),
(299, 31380, 'BAZUS', 2, '2020-05-05 11:01:57', '2020-05-19 16:38:01'),
(300, 31380, 'GARIDECH', 2, '2020-05-05 11:01:57', '2020-05-19 16:38:01'),
(301, 31380, 'GEMIL', 2, '2020-05-05 11:01:57', '2020-05-19 16:38:01'),
(302, 31380, 'GRAGNAGUE', 2, '2020-05-05 11:01:57', '2020-05-19 16:38:01'),
(303, 31380, 'MONTASTRUC-LA-CONSEILLERE', 2, '2020-05-05 11:01:57', '2020-05-19 16:38:01'),
(304, 31380, 'MONTJOIRE', 2, '2020-05-05 11:01:57', '2020-05-19 16:38:01'),
(305, 31380, 'MONTPITOL', 2, '2020-05-05 11:01:57', '2020-05-19 16:38:01'),
(306, 31380, 'PAULHAC', 2, '2020-05-05 11:01:57', '2020-05-19 16:38:01'),
(307, 31380, 'ROQUESERIERE', 2, '2020-05-05 11:01:57', '2020-05-19 16:38:01'),
(308, 31380, 'SAINT-JEAN-LHERM', 2, '2020-05-05 11:01:57', '2020-05-19 16:38:01'),
(309, 31380, 'VILLARIES', 2, '2020-05-05 11:01:57', '2020-05-19 16:38:01'),
(310, 31390, 'BOIS-DE-LA-PIERRE', 3, '2020-05-05 11:01:57', '2020-05-19 16:38:01'),
(311, 31390, 'CARBONNE', 5, '2020-05-05 11:01:57', '2020-05-19 16:38:01'),
(312, 31390, 'LACAUGNE', 5, '2020-05-05 11:01:57', '2020-05-19 16:38:01'),
(313, 31390, 'LAFITTE-VIGORDANE', 3, '2020-05-05 11:01:57', '2020-05-19 16:38:01'),
(314, 31390, 'MARQUEFAVE', 5, '2020-05-05 11:01:57', '2020-05-19 16:38:01'),
(315, 31390, 'PEYSSIES', 3, '2020-05-05 11:01:57', '2020-05-19 16:38:01'),
(316, 31390, 'SALLES-SUR-GARONNE', 5, '2020-05-05 11:01:57', '2020-05-19 16:38:01'),
(317, 31410, 'CAPENS', 5, '2020-05-05 11:01:57', '2020-05-19 16:38:01'),
(318, 31410, 'LE FAUGA', 5, '2020-05-05 11:01:57', '2020-05-19 16:38:01'),
(319, 31410, 'LAVERNOSE-LACASSE', 3, '2020-05-05 11:01:57', '2020-05-19 16:38:01'),
(320, 31410, 'LONGAGES', 3, '2020-05-05 11:01:57', '2020-05-19 16:38:01'),
(321, 31410, 'MAUZAC', 5, '2020-05-05 11:01:57', '2020-05-19 16:38:01'),
(322, 31410, 'MONTAUT', 5, '2020-05-05 11:01:57', '2020-05-19 16:38:01'),
(323, 31410, 'MONTGAZIN', 5, '2020-05-05 11:01:57', '2020-05-19 16:38:01'),
(324, 31410, 'NOE', 5, '2020-05-05 11:01:57', '2020-05-19 16:38:01'),
(325, 31410, 'SAINT-HILAIRE', 3, '2020-05-05 11:01:57', '2020-05-19 16:38:01'),
(326, 31410, 'SAINT-SULPICE-SUR-LEZE', 5, '2020-05-05 11:01:57', '2020-05-19 16:38:01'),
(327, 31420, 'ALAN', 3, '2020-05-05 11:01:57', '2020-05-19 16:38:01'),
(328, 31420, 'AULON', 3, '2020-05-05 11:01:57', '2020-05-19 16:38:01'),
(329, 31420, 'AURIGNAC', 3, '2020-05-05 11:01:57', '2020-05-19 16:38:01'),
(330, 31420, 'BACHAS', 3, '2020-05-05 11:01:57', '2020-05-19 16:38:01'),
(331, 31420, 'BENQUE', 3, '2020-05-05 11:01:57', '2020-05-19 16:38:01'),
(332, 31420, 'BOUSSAN', 3, '2020-05-05 11:01:57', '2020-05-19 16:38:01'),
(333, 31420, 'BOUZIN', 3, '2020-05-05 11:01:57', '2020-05-19 16:38:01'),
(334, 31420, 'CASSAGNABERE-TOURNAS', 3, '2020-05-05 11:01:57', '2020-05-19 16:38:01'),
(335, 31420, 'CAZENEUVE-MONTAUT', 3, '2020-05-05 11:01:57', '2020-05-19 16:38:01'),
(336, 31420, 'EOUX', 3, '2020-05-05 11:01:57', '2020-05-19 16:38:01'),
(337, 31420, 'ESPARRON', 3, '2020-05-05 11:01:57', '2020-05-19 16:38:01'),
(338, 31420, 'FRANCON', 3, '2020-05-05 11:01:57', '2020-05-19 16:38:01'),
(339, 31420, 'MONTOULIEU-SAINT-BERNARD', 3, '2020-05-05 11:01:57', '2020-05-19 16:38:01'),
(340, 31420, 'PEYRISSAS', 3, '2020-05-05 11:01:57', '2020-05-19 16:38:01'),
(341, 31420, 'PEYROUZET', 3, '2020-05-05 11:01:57', '2020-05-19 16:38:01'),
(342, 31420, 'SAINT-ANDRE', 3, '2020-05-05 11:01:57', '2020-05-19 16:38:01'),
(343, 31420, 'SAINT-ELIX-SEGLAN', 3, '2020-05-05 11:01:57', '2020-05-19 16:38:01'),
(344, 31420, 'SAMOUILLAN', 3, '2020-05-05 11:01:57', '2020-05-19 16:38:01'),
(345, 31420, 'TERREBASSE', 3, '2020-05-05 11:01:57', '2020-05-19 16:38:01'),
(346, 31430, 'CASTELNAU-PICAMPEAU', 3, '2020-05-05 11:01:57', '2020-05-19 16:38:01'),
(347, 31430, 'CASTIES-LABRANDE', 3, '2020-05-05 11:01:57', '2020-05-19 16:38:01'),
(348, 31430, 'LE FOUSSERET', 3, '2020-05-05 11:01:57', '2020-05-19 16:38:01'),
(349, 31430, 'FUSTIGNAC', 3, '2020-05-05 11:01:57', '2020-05-19 16:38:01'),
(350, 31430, 'GRATENS', 3, '2020-05-05 11:01:57', '2020-05-19 16:38:01'),
(351, 31430, 'LUSSAN-ADEILHAC', 3, '2020-05-05 11:01:57', '2020-05-19 16:38:01'),
(352, 31430, 'MARIGNAC-LASCLARES', 3, '2020-05-05 11:01:57', '2020-05-19 16:38:01'),
(353, 31430, 'MONTEGUT-BOURJAC', 3, '2020-05-05 11:01:57', '2020-05-19 16:38:01'),
(354, 31430, 'MONTOUSSIN', 3, '2020-05-05 11:01:57', '2020-05-19 16:38:01'),
(355, 31430, 'POLASTRON', 3, '2020-05-05 11:01:57', '2020-05-19 16:38:01'),
(356, 31430, 'POUY-DE-TOUGES', 3, '2020-05-05 11:01:57', '2020-05-19 16:38:01'),
(357, 31430, 'SAINT-ARAILLE', 3, '2020-05-05 11:01:57', '2020-05-19 16:38:01'),
(358, 31430, 'SAINT-ELIX-LE-CHATEAU', 3, '2020-05-05 11:01:57', '2020-05-19 16:38:01'),
(359, 31430, 'SENARENS', 3, '2020-05-05 11:01:57', '2020-05-19 16:38:01'),
(360, 31440, 'ARGUT-DESSOUS', 6, '2020-05-05 11:01:57', '2020-05-19 16:38:01'),
(361, 31440, 'ARLOS', 6, '2020-05-05 11:01:57', '2020-05-19 16:38:01'),
(362, 31440, 'BACHOS', 6, '2020-05-05 11:01:57', '2020-05-19 16:38:01'),
(363, 31440, 'BAREN', 6, '2020-05-05 11:01:57', '2020-05-19 16:38:01'),
(364, 31440, 'BEZINS-GARRAUX', 6, '2020-05-05 11:01:57', '2020-05-19 16:38:01'),
(365, 31440, 'BOUTX', 6, '2020-05-05 11:01:57', '2020-05-19 16:38:01'),
(366, 31440, 'BURGALAYS', 6, '2020-05-05 11:01:57', '2020-05-19 16:38:01'),
(367, 31440, 'CAZAUX-LAYRISSE', 6, '2020-05-05 11:01:57', '2020-05-19 16:38:01'),
(368, 31440, 'CHAUM', 6, '2020-05-05 11:01:57', '2020-05-19 16:38:01'),
(369, 31440, 'CIERP-GAUD', 6, '2020-05-05 11:01:57', '2020-05-19 16:38:01'),
(370, 31440, 'ESTENOS', 6, '2020-05-05 11:01:57', '2020-05-19 16:38:01'),
(371, 31440, 'EUP', 6, '2020-05-05 11:01:57', '2020-05-19 16:38:01'),
(372, 31440, 'FOS', 6, '2020-05-05 11:01:57', '2020-05-19 16:38:01'),
(373, 31440, 'FRONSAC', 6, '2020-05-05 11:01:57', '2020-05-19 16:38:01'),
(374, 31440, 'GURAN', 6, '2020-05-05 11:01:57', '2020-05-19 16:38:01'),
(375, 31440, 'LEGE', 6, '2020-05-05 11:01:57', '2020-05-19 16:38:01'),
(376, 31440, 'LEZ', 6, '2020-05-05 11:01:57', '2020-05-19 16:38:01'),
(377, 31440, 'MARIGNAC', 6, '2020-05-05 11:01:57', '2020-05-19 16:38:01'),
(378, 31440, 'MELLES', 6, '2020-05-05 11:01:57', '2020-05-19 16:38:01'),
(379, 31440, 'SAINT-BEAT', 6, '2020-05-05 11:01:57', '2020-05-19 16:38:01'),
(380, 31440, 'SIGNAC', 6, '2020-05-05 11:01:57', '2020-05-19 16:38:01'),
(381, 31440, 'BINOS', 6, '2020-05-05 11:01:57', '2020-05-19 16:38:01'),
(382, 31450, 'AYGUESVIVES', 4, '2020-05-05 11:01:57', '2020-05-19 16:38:01'),
(383, 31450, 'BAZIEGE', 4, '2020-05-05 11:01:57', '2020-05-19 16:38:01'),
(384, 31450, 'BELBERAUD', 4, '2020-05-05 11:01:57', '2020-05-19 16:38:01'),
(385, 31450, 'BELBEZE-DE-LAURAGAIS', 4, '2020-05-05 11:01:57', '2020-05-19 16:38:01'),
(386, 31450, 'CORRONSAC', 5, '2020-05-05 11:01:57', '2020-05-19 16:38:01'),
(387, 31450, 'DEYME', 5, '2020-05-05 11:01:57', '2020-05-19 16:38:01'),
(388, 31450, 'DONNEVILLE', 4, '2020-05-05 11:01:57', '2020-05-19 16:38:01'),
(389, 31450, 'ESPANES', 5, '2020-05-05 11:01:57', '2020-05-19 16:38:01'),
(390, 31450, 'FOURQUEVAUX', 4, '2020-05-05 11:01:57', '2020-05-19 16:38:01'),
(391, 31450, 'ISSUS', 5, '2020-05-05 11:01:57', '2020-05-19 16:38:01'),
(392, 31450, 'LABASTIDE-BEAUVOIR', 4, '2020-05-05 11:01:57', '2020-05-19 16:38:01'),
(393, 31450, 'MONTBRUN-LAURAGAIS', 5, '2020-05-05 11:01:57', '2020-05-19 16:38:01'),
(394, 31450, 'MONTESQUIEU-LAURAGAIS', 4, '2020-05-05 11:01:57', '2020-05-19 16:38:01'),
(395, 31450, 'MONTGISCARD', 5, '2020-05-05 11:01:57', '2020-05-19 16:38:01'),
(396, 31450, 'MONTLAUR', 4, '2020-05-05 11:01:57', '2020-05-19 16:38:01'),
(397, 31450, 'NOUEILLES', 5, '2020-05-05 11:01:57', '2020-05-19 16:38:01'),
(398, 31450, 'ODARS', 4, '2020-05-05 11:01:57', '2020-05-19 16:38:01'),
(399, 31450, 'POMPERTUZAT', 5, '2020-05-05 11:01:57', '2020-05-19 16:38:01'),
(400, 31450, 'POUZE', 5, '2020-05-05 11:01:57', '2020-05-19 16:38:01'),
(401, 31450, 'VARENNES', 4, '2020-05-05 11:01:57', '2020-05-19 16:38:01'),
(402, 31460, 'ALBIAC', 4, '2020-05-05 11:01:57', '2020-05-19 16:38:01'),
(403, 31460, 'AURIAC-SUR-VENDINELLE', 4, '2020-05-05 11:01:57', '2020-05-19 16:38:01'),
(404, 31460, 'BEAUVILLE', 4, '2020-05-05 11:01:57', '2020-05-19 16:38:01'),
(405, 31460, 'LE CABANIAL', 4, '2020-05-05 11:01:57', '2020-05-19 16:38:01'),
(406, 31460, 'CAMBIAC', 4, '2020-05-05 11:01:57', '2020-05-19 16:38:01'),
(407, 31460, 'CARAGOUDES', 4, '2020-05-05 11:01:57', '2020-05-19 16:38:01'),
(408, 31460, 'CARAMAN', 4, '2020-05-05 11:01:57', '2020-05-19 16:38:01'),
(409, 31460, 'LE FAGET', 4, '2020-05-05 11:01:57', '2020-05-19 16:38:01'),
(410, 31460, 'FRANCARVILLE', 4, '2020-05-05 11:01:57', '2020-05-19 16:38:01'),
(411, 31460, 'LOUBENS-LAURAGAIS', 4, '2020-05-05 11:01:57', '2020-05-19 16:38:01'),
(412, 31460, 'MASCARVILLE', 4, '2020-05-05 11:01:57', '2020-05-19 16:38:01'),
(413, 31460, 'MAUREVILLE', 4, '2020-05-05 11:01:57', '2020-05-19 16:38:01'),
(414, 31460, 'MOURVILLES-BASSES', 4, '2020-05-05 11:01:57', '2020-05-19 16:38:01'),
(415, 31460, 'PRUNET', 4, '2020-05-05 11:01:57', '2020-05-19 16:38:01'),
(416, 31460, 'LA SALVETAT-LAURAGAIS', 4, '2020-05-05 11:01:57', '2020-05-19 16:38:01'),
(417, 31460, 'SAUSSENS', 4, '2020-05-05 11:01:57', '2020-05-19 16:38:01'),
(418, 31460, 'SEGREVILLE', 4, '2020-05-05 11:01:57', '2020-05-19 16:38:01'),
(419, 31460, 'TOUTENS', 4, '2020-05-05 11:01:57', '2020-05-19 16:38:01'),
(420, 31460, 'VENDINE', 4, '2020-05-05 11:01:57', '2020-05-19 16:38:01'),
(421, 31470, 'BONREPOS-SUR-AUSSONNELLE', 3, '2020-05-05 11:01:57', '2020-05-19 16:38:01'),
(422, 31470, 'BRAGAYRAC', 3, '2020-05-05 11:01:57', '2020-05-19 16:38:01'),
(423, 31470, 'CAMBERNARD', 3, '2020-05-05 11:01:57', '2020-05-19 16:38:01'),
(424, 31470, 'EMPEAUX', 3, '2020-05-05 11:01:57', '2020-05-19 16:38:01'),
(425, 31470, 'FONSORBES', 3, '2020-05-05 11:01:57', '2020-05-19 16:38:01'),
(426, 31470, 'FONTENILLES', 3, '2020-05-05 11:01:57', '2020-05-19 16:38:01'),
(427, 31470, 'SAIGUEDE', 3, '2020-05-05 11:01:57', '2020-05-19 16:38:01'),
(428, 31470, 'SAINTE-FOY-DE-PEYROLIERES', 3, '2020-05-05 11:01:57', '2020-05-19 16:38:01'),
(429, 31470, 'SAINT-LYS', 3, '2020-05-05 11:01:57', '2020-05-19 16:38:01'),
(430, 31470, 'SAINT-THOMAS', 3, '2020-05-05 11:01:57', '2020-05-19 16:38:01'),
(431, 31480, 'BELLESSERRE', 1, '2020-05-05 11:01:57', '2020-05-19 16:38:01'),
(432, 31480, 'BRIGNEMONT', 1, '2020-05-05 11:01:57', '2020-05-19 16:38:01'),
(433, 31480, 'CABANAC-SEGUENVILLE', 1, '2020-05-05 11:01:57', '2020-05-19 16:38:01'),
(434, 31480, 'CADOURS', 1, '2020-05-05 11:01:57', '2020-05-19 16:38:01'),
(435, 31480, 'CAUBIAC', 1, '2020-05-05 11:01:57', '2020-05-19 16:38:01'),
(436, 31480, 'COX', 1, '2020-05-05 11:01:57', '2020-05-19 16:38:01'),
(437, 31480, 'DRUDAS', 1, '2020-05-05 11:01:57', '2020-05-19 16:38:01'),
(438, 31480, 'GARAC', 1, '2020-05-05 11:01:57', '2020-05-19 16:38:01'),
(439, 31480, 'LE GRES', 1, '2020-05-05 11:01:57', '2020-05-19 16:38:01'),
(440, 31480, 'LAGRAULET-SAINT-NICOLAS', 1, '2020-05-05 11:01:57', '2020-05-19 16:38:01'),
(441, 31480, 'LAREOLE', 1, '2020-05-05 11:01:57', '2020-05-19 16:38:01'),
(442, 31480, 'PELLEPORT', 1, '2020-05-05 11:01:57', '2020-05-19 16:38:01'),
(443, 31480, 'PUYSSEGUR', 1, '2020-05-05 11:01:57', '2020-05-19 16:38:01'),
(444, 31480, 'VIGNAUX', 1, '2020-05-05 11:01:57', '2020-05-19 16:38:01'),
(445, 31490, 'BRAX', 1, '2020-05-05 11:01:57', '2020-05-19 16:38:01'),
(446, 31490, 'LEGUEVIN', 1, '2020-05-05 11:01:57', '2020-05-19 16:38:01'),
(447, 31510, 'ANTICHAN-DE-FRONTIGNES', 6, '2020-05-05 11:01:57', '2020-05-19 16:38:01'),
(448, 31510, 'BAGIRY', 6, '2020-05-05 11:01:57', '2020-05-19 16:38:01'),
(449, 31510, 'BARBAZAN', 6, '2020-05-05 11:01:57', '2020-05-19 16:38:01'),
(450, 31510, 'CIER-DE-RIVIERE', 6, '2020-05-05 11:01:57', '2020-05-19 16:38:01'),
(451, 31510, 'FRONTIGNAN-DE-COMMINGES', 6, '2020-05-05 11:01:57', '2020-05-19 16:38:01'),
(452, 31510, 'GALIE', 6, '2020-05-05 11:01:57', '2020-05-19 16:38:01'),
(453, 31510, 'GENOS', 6, '2020-05-05 11:01:57', '2020-05-19 16:38:01'),
(454, 31510, 'LABROQUERE', 6, '2020-05-05 11:01:57', '2020-05-19 16:38:01'),
(455, 31510, 'LOURDE', 6, '2020-05-05 11:01:57', '2020-05-19 16:38:01'),
(456, 31510, 'LUSCAN', 6, '2020-05-05 11:01:57', '2020-05-19 16:38:01'),
(457, 31510, 'MALVEZIE', 6, '2020-05-05 11:01:57', '2020-05-19 16:38:01'),
(458, 31510, 'MONT-DE-GALIE', 6, '2020-05-05 11:01:57', '2020-05-19 16:38:01'),
(459, 31510, 'ORE', 6, '2020-05-05 11:01:57', '2020-05-19 16:38:01'),
(460, 31510, 'PAYSSOUS', 6, '2020-05-05 11:01:57', '2020-05-19 16:38:01'),
(461, 31510, 'SAINT-BERTRAND-DE-COMMINGES', 6, '2020-05-05 11:01:57', '2020-05-19 16:38:01'),
(462, 31510, 'SAINT-PE-D\'ARDET', 6, '2020-05-05 11:01:57', '2020-05-19 16:38:01'),
(463, 31510, 'SAUVETERRE-DE-COMMINGES', 6, '2020-05-05 11:01:57', '2020-05-19 16:38:01'),
(464, 31510, 'SEILHAN', 6, '2020-05-05 11:01:57', '2020-05-19 16:38:01'),
(465, 31510, 'VALCABRERE', 6, '2020-05-05 11:01:57', '2020-05-19 16:38:01'),
(466, 31520, 'RAMONVILLE-SAINT-AGNE', 5, '2020-05-05 11:01:57', '2020-05-19 16:38:01'),
(467, 31530, 'BELLEGARDE-SAINTE-MARIE', 1, '2020-05-05 11:01:57', '2020-05-19 16:38:01'),
(468, 31530, 'BRETX', 1, '2020-05-05 11:01:57', '2020-05-19 16:38:01'),
(469, 31530, 'LE CASTERA', 1, '2020-05-05 11:01:57', '2020-05-19 16:38:01'),
(470, 31530, 'LASSERRE', 1, '2020-05-05 11:01:57', '2020-05-19 16:38:01'),
(471, 31530, 'LEVIGNAC', 1, '2020-05-05 11:01:57', '2020-05-19 16:38:01'),
(472, 31530, 'MENVILLE', 1, '2020-05-05 11:01:57', '2020-05-19 16:38:01'),
(473, 31530, 'MERENVIELLE', 1, '2020-05-05 11:01:57', '2020-05-19 16:38:01'),
(474, 31530, 'MONTAIGUT-SUR-SAVE', 1, '2020-05-05 11:01:57', '2020-05-19 16:38:01'),
(475, 31530, 'PRADERE-LES-BOURGUETS', 1, '2020-05-05 11:01:57', '2020-05-19 16:38:01'),
(476, 31530, 'SAINTE-LIVRADE', 1, '2020-05-05 11:01:57', '2020-05-19 16:38:01'),
(477, 31530, 'SAINT-PAUL-SUR-SAVE', 1, '2020-05-05 11:01:57', '2020-05-19 16:38:01'),
(478, 31530, 'THIL', 1, '2020-05-05 11:01:57', '2020-05-19 16:38:01'),
(479, 31540, 'BELESTA-EN-LAURAGAIS', 4, '2020-05-05 11:01:57', '2020-05-19 16:38:01'),
(480, 31540, 'FALGA', 4, '2020-05-05 11:01:57', '2020-05-19 16:38:01'),
(481, 31540, 'JUZES', 4, '2020-05-05 11:01:57', '2020-05-19 16:38:01'),
(482, 31540, 'MAURENS', 4, '2020-05-05 11:01:57', '2020-05-19 16:38:01'),
(483, 31540, 'MONTEGUT-LAURAGAIS', 4, '2020-05-05 11:01:57', '2020-05-19 16:38:01'),
(484, 31540, 'MOURVILLES-HAUTES', 4, '2020-05-05 11:01:57', '2020-05-19 16:38:01'),
(485, 31540, 'NOGARET', 4, '2020-05-05 11:01:57', '2020-05-19 16:38:01'),
(486, 31540, 'ROUMENS', 4, '2020-05-05 11:01:57', '2020-05-19 16:38:01'),
(487, 31540, 'SAINT-FELIX-LAURAGAIS', 4, '2020-05-05 11:01:57', '2020-05-19 16:38:01'),
(488, 31540, 'SAINT-JULIA', 4, '2020-05-05 11:01:57', '2020-05-19 16:38:01'),
(489, 31540, 'VAUX', 4, '2020-05-05 11:01:57', '2020-05-19 16:38:01'),
(490, 31550, 'AIGNES', 5, '2020-05-05 11:01:57', '2020-05-19 16:38:01'),
(491, 31550, 'CINTEGABELLE', 5, '2020-05-05 11:01:57', '2020-05-19 16:38:01'),
(492, 31550, 'GAILLAC-TOULZA', 5, '2020-05-05 11:01:57', '2020-05-19 16:38:01'),
(493, 31550, 'MARLIAC', 5, '2020-05-05 11:01:57', '2020-05-19 16:38:01'),
(494, 31560, 'CAIGNAC', 5, '2020-05-05 11:01:57', '2020-05-19 16:38:01'),
(495, 31560, 'CALMONT', 5, '2020-05-05 11:01:57', '2020-05-19 16:38:01'),
(496, 31560, 'GIBEL', 5, '2020-05-05 11:01:57', '2020-05-19 16:38:01'),
(497, 31560, 'MONESTROL', 5, '2020-05-05 11:01:57', '2020-05-19 16:38:01'),
(498, 31560, 'MONTGEARD', 5, '2020-05-05 11:01:57', '2020-05-19 16:38:01'),
(499, 31560, 'NAILLOUX', 5, '2020-05-05 11:01:57', '2020-05-19 16:38:01'),
(500, 31560, 'SAINT-LEON', 5, '2020-05-05 11:01:57', '2020-05-19 16:38:01'),
(501, 31560, 'SEYRE', 5, '2020-05-05 11:01:57', '2020-05-19 16:38:01'),
(502, 31570, 'AURIN', 4, '2020-05-05 11:01:57', '2020-05-19 16:38:01'),
(503, 31570, 'BOURG-SAINT-BERNARD', 4, '2020-05-05 11:01:57', '2020-05-19 16:38:01'),
(504, 31570, 'LANTA', 4, '2020-05-05 11:01:57', '2020-05-19 16:38:01'),
(505, 31570, 'PRESERVILLE', 4, '2020-05-05 11:01:57', '2020-05-19 16:38:01'),
(506, 31570, 'SAINTE-FOY-D\'AIGREFEUILLE', 4, '2020-05-05 11:01:57', '2020-05-19 16:38:01'),
(507, 31570, 'SAINT-PIERRE-DE-LAGES', 4, '2020-05-05 11:01:57', '2020-05-19 16:38:01'),
(508, 31570, 'TARABEL', 4, '2020-05-05 11:01:57', '2020-05-19 16:38:01'),
(509, 31570, 'VALLESVILLES', 4, '2020-05-05 11:01:57', '2020-05-19 16:38:01'),
(510, 31580, 'BALESTA', 3, '2020-05-05 11:01:57', '2020-05-19 16:38:01'),
(511, 31580, 'BOUDRAC', 3, '2020-05-05 11:01:57', '2020-05-19 16:38:01'),
(512, 31580, 'CAZARIL-TAMBOURES', 3, '2020-05-05 11:01:57', '2020-05-19 16:38:01'),
(513, 31580, 'LARROQUE', 3, '2020-05-05 11:01:57', '2020-05-19 16:38:01'),
(514, 31580, 'LECUSSAN', 3, '2020-05-05 11:01:57', '2020-05-19 16:38:01'),
(515, 31580, 'LOUDET', 3, '2020-05-05 11:01:57', '2020-05-19 16:38:01'),
(516, 31580, 'SAINT-PLANCARD', 3, '2020-05-05 11:01:57', '2020-05-19 16:38:01'),
(517, 31580, 'SEDEILHAC', 3, '2020-05-05 11:01:57', '2020-05-19 16:38:01'),
(518, 31580, 'VILLENEUVE-LECUSSAN', 3, '2020-05-05 11:01:57', '2020-05-19 16:38:01'),
(519, 31590, 'BONREPOS-RIQUET', 4, '2020-05-05 11:01:57', '2020-05-19 16:38:01'),
(520, 31590, 'GAURE', 4, '2020-05-05 11:01:57', '2020-05-19 16:38:01'),
(521, 31590, 'LAVALETTE', 4, '2020-05-05 11:01:57', '2020-05-19 16:38:01'),
(522, 31590, 'SAINT-MARCEL-PAULEL', 4, '2020-05-05 11:01:57', '2020-05-19 16:38:01'),
(523, 31590, 'SAINT-PIERRE', 4, '2020-05-05 11:01:57', '2020-05-19 16:38:01'),
(524, 31590, 'VERFEIL', 2, '2020-05-05 11:01:57', '2020-05-19 16:38:01'),
(525, 31600, 'EAUNES', 5, '2020-05-05 11:01:57', '2020-05-19 16:38:01'),
(526, 31600, 'LABASTIDETTE', 3, '2020-05-05 11:01:57', '2020-05-19 16:38:01'),
(527, 31600, 'LAMASQUERE', 3, '2020-05-05 11:01:57', '2020-05-19 16:38:01'),
(528, 31600, 'LHERM', 3, '2020-05-05 11:01:57', '2020-05-19 16:38:01'),
(529, 31600, 'MURET', 5, '2020-05-05 11:01:57', '2020-05-19 16:38:01'),
(530, 31600, 'SAINT-CLAR-DE-RIVIERE', 3, '2020-05-05 11:01:57', '2020-05-19 16:38:01'),
(531, 31600, 'SAUBENS', 5, '2020-05-05 11:01:57', '2020-05-19 16:38:01'),
(532, 31600, 'SEYSSES', 3, '2020-05-05 11:01:57', '2020-05-19 16:38:01'),
(533, 31620, 'BOULOC', 2, '2020-05-05 11:01:57', '2020-05-19 16:38:01'),
(534, 31620, 'CASTELNAU-D\'ESTRETEFONDS', 2, '2020-05-05 11:01:57', '2020-05-19 16:38:01'),
(535, 31620, 'CEPET', 2, '2020-05-05 11:01:57', '2020-05-19 16:38:01'),
(536, 31620, 'FRONTON', 2, '2020-05-05 11:01:57', '2020-05-19 16:38:01'),
(537, 31620, 'GARGAS', 2, '2020-05-05 11:01:57', '2020-05-19 16:38:01'),
(538, 31620, 'LABASTIDE-SAINT-SERNIN', 2, '2020-05-05 11:01:57', '2020-05-19 16:38:01'),
(539, 31620, 'SAINT-RUSTICE', 2, '2020-05-05 11:01:57', '2020-05-19 16:38:01'),
(540, 31620, 'VILLAUDRIC', 2, '2020-05-05 11:01:57', '2020-05-19 16:38:01'),
(541, 31620, 'VILLENEUVE-LES-BOULOC', 2, '2020-05-05 11:01:57', '2020-05-19 16:38:01'),
(542, 31650, 'AUZIELLE', 4, '2020-05-05 11:01:57', '2020-05-19 16:38:01'),
(543, 31650, 'LAUZERVILLE', 4, '2020-05-05 11:01:57', '2020-05-19 16:38:01'),
(544, 31650, 'SAINT-ORENS-DE-GAMEVILLE', 4, '2020-05-05 11:01:57', '2020-05-19 16:38:01'),
(545, 31660, 'BESSIERES', 1, '2020-05-05 11:01:57', '2020-05-19 16:38:01'),
(546, 31660, 'BUZET-SUR-TARN', 2, '2020-05-05 11:01:57', '2020-05-19 16:38:01'),
(547, 31670, 'LABEGE', 4, '2020-05-05 11:01:57', '2020-05-19 16:38:01'),
(548, 31700, 'BEAUZELLE', 1, '2020-05-05 11:01:57', '2020-05-19 16:38:01'),
(549, 31700, 'BLAGNAC', 7, '2020-05-05 11:01:57', '2020-05-19 16:38:01'),
(550, 31700, 'CORNEBARRIEU', 1, '2020-05-05 11:01:57', '2020-05-19 16:38:01'),
(551, 31700, 'DAUX', 1, '2020-05-05 11:01:57', '2020-05-19 16:38:01'),
(552, 31700, 'MONDONVILLE', 1, '2020-05-05 11:01:57', '2020-05-19 16:38:01'),
(553, 31750, 'ESCALQUENS', 4, '2020-05-05 11:01:57', '2020-05-19 16:38:01'),
(554, 31770, 'COLOMIERS', 7, '2020-05-05 11:01:57', '2020-05-19 16:38:01'),
(555, 31780, 'CASTELGINEST', 2, '2020-05-05 11:01:57', '2020-05-19 16:38:01'),
(556, 31790, 'SAINT-JORY', 2, '2020-05-05 11:01:57', '2020-05-19 16:38:01'),
(557, 31790, 'SAINT-SAUVEUR', 2, '2020-05-05 11:01:57', '2020-05-19 16:38:01'),
(558, 31800, 'ASPRET-SARRAT', 6, '2020-05-05 11:01:57', '2020-05-19 16:38:01'),
(559, 31800, 'ESTANCARBON', 6, '2020-05-05 11:01:57', '2020-05-19 16:38:01'),
(560, 31800, 'LABARTHE-INARD', 6, '2020-05-05 11:01:57', '2020-05-19 16:38:01'),
(561, 31800, 'LABARTHE-RIVIERE', 6, '2020-05-05 11:01:57', '2020-05-19 16:38:01'),
(562, 31800, 'LALOURET-LAFFITEAU', 3, '2020-05-05 11:01:57', '2020-05-19 16:38:01'),
(563, 31800, 'LANDORTHE', 3, '2020-05-05 11:01:57', '2020-05-19 16:38:01'),
(564, 31800, 'LARCAN', 3, '2020-05-05 11:01:57', '2020-05-19 16:38:01'),
(565, 31800, 'LATOUE', 3, '2020-05-05 11:01:57', '2020-05-19 16:38:01'),
(566, 31800, 'LIEOUX', 3, '2020-05-05 11:01:57', '2020-05-19 16:38:01'),
(567, 31800, 'LODES', 3, '2020-05-05 11:01:57', '2020-05-19 16:38:01'),
(568, 31800, 'MIRAMONT-DE-COMMINGES', 6, '2020-05-05 11:01:57', '2020-05-19 16:38:01'),
(569, 31800, 'POINTIS-INARD', 6, '2020-05-05 11:01:57', '2020-05-19 16:38:01'),
(570, 31800, 'REGADES', 6, '2020-05-05 11:01:57', '2020-05-19 16:38:01'),
(571, 31800, 'RIEUCAZE', 6, '2020-05-05 11:01:57', '2020-05-19 16:38:01'),
(572, 31800, 'SAINT-GAUDENS', 6, '2020-05-05 11:01:57', '2020-05-19 16:38:01'),
(573, 31800, 'SAINT-IGNAN', 3, '2020-05-05 11:01:57', '2020-05-19 16:38:01'),
(574, 31800, 'SAINT-MARCET', 3, '2020-05-05 11:01:57', '2020-05-19 16:38:01'),
(575, 31800, 'SAUX-ET-POMAREDE', 3, '2020-05-05 11:01:57', '2020-05-19 16:38:01'),
(576, 31800, 'SAVARTHES', 6, '2020-05-05 11:01:57', '2020-05-19 16:38:01'),
(577, 31800, 'VALENTINE', 6, '2020-05-05 11:01:57', '2020-05-19 16:38:01'),
(578, 31800, 'VILLENEUVE-DE-RIVIERE', 6, '2020-05-05 11:01:57', '2020-05-19 16:38:01'),
(579, 31810, 'CLERMONT-LE-FORT', 5, '2020-05-05 11:01:57', '2020-05-19 16:38:01'),
(580, 31810, 'VENERQUE', 5, '2020-05-05 11:01:57', '2020-05-19 16:38:01'),
(581, 31810, 'VERNET', 5, '2020-05-05 11:01:57', '2020-05-19 16:38:01'),
(582, 31820, 'PIBRAC', 1, '2020-05-05 11:01:57', '2020-05-19 16:38:01'),
(583, 31830, 'PLAISANCE-DU-TOUCH', 3, '2020-05-05 11:01:57', '2020-05-19 16:38:01'),
(584, 31840, 'AUSSONNE', 1, '2020-05-05 11:01:57', '2020-05-19 16:38:01'),
(585, 31840, 'SEILH', 1, '2020-05-05 11:01:57', '2020-05-19 16:38:01'),
(586, 31850, 'BEAUPUY', 2, '2020-05-05 11:01:57', '2020-05-19 16:38:01'),
(587, 31850, 'MONDOUZIL', 4, '2020-05-05 11:01:57', '2020-05-19 16:38:01'),
(588, 31850, 'MONTRABE', 2, '2020-05-05 11:01:57', '2020-05-19 16:38:01'),
(589, 31860, 'LABARTHE-SUR-LEZE', 5, '2020-05-05 11:01:57', '2020-05-19 16:38:01'),
(590, 31860, 'PINS-JUSTARET', 5, '2020-05-05 11:01:57', '2020-05-19 16:38:01'),
(591, 31860, 'VILLATE', 5, '2020-05-05 11:01:57', '2020-05-19 16:38:01'),
(592, 31870, 'BEAUMONT-SUR-LEZE', 5, '2020-05-05 11:01:57', '2020-05-19 16:38:01'),
(593, 31870, 'LAGARDELLE-SUR-LEZE', 5, '2020-05-05 11:01:57', '2020-05-19 16:38:01'),
(594, 31880, 'LA SALVETAT-SAINT-GILLES', 3, '2020-05-05 11:01:57', '2020-05-19 16:38:01');

-- --------------------------------------------------------

--
-- Table structure for table `Conseil`
--

CREATE TABLE `Conseil` (
  `idConseil` int(255) UNSIGNED NOT NULL,
  `objet` varchar(255) NOT NULL,
  `texte` text NOT NULL,
  `created_at` datetime NOT NULL DEFAULT CURRENT_TIMESTAMP,
  `updated_at` datetime NOT NULL DEFAULT CURRENT_TIMESTAMP ON UPDATE CURRENT_TIMESTAMP,
  `ouvert` tinyint(1) NOT NULL DEFAULT '0'
) ENGINE=InnoDB DEFAULT CHARSET=utf8;

--
-- Dumping data for table `Conseil`
--

INSERT INTO `Conseil` (`idConseil`, `objet`, `texte`, `created_at`, `updated_at`, `ouvert`) VALUES
(1, 'Conseil pour se protéger du Coronavirus', 'Nec sane haec sola pernicies orientem diversis cladibus adfligebat. Namque et Isauri, quibus est usitatum saepe pacari saepeque inopinis excursibus cuncta miscere, ex latrociniis occultis et raris, alente inpunitate adulescentem in peius audaciam ad bella gravia proruperunt, diu quidem perduelles spiritus inrequietis motibus erigentes', '2020-05-09 17:21:57', '2020-05-19 16:38:01', 1),
(2, 'Test.com', 'Bonjour\r\n\r\nBienvenue\r\n', '2020-05-21 19:32:11', '2020-05-21 19:32:15', 1);

-- --------------------------------------------------------

--
-- Table structure for table `DestinationAnnonce`
--

CREATE TABLE `DestinationAnnonce` (
  `idAnnonce` int(255) UNSIGNED NOT NULL,
  `idUtilisateur` int(255) UNSIGNED NOT NULL
) ENGINE=InnoDB DEFAULT CHARSET=utf8;

--
-- Dumping data for table `DestinationAnnonce`
--

INSERT INTO `DestinationAnnonce` (`idAnnonce`, `idUtilisateur`) VALUES
(23, 14),
(25, 14),
(26, 14),
(27, 14),
(28, 14),
(29, 14),
(31, 14),
(35, 14),
(36, 14),
(39, 14),
(40, 14),
(41, 14),
(23, 16),
(25, 16),
(26, 16),
(27, 16),
(28, 16),
(29, 16),
(31, 16),
(35, 16),
(36, 16),
(39, 16),
(40, 16),
(41, 16),
(23, 17),
(25, 17),
(26, 17),
(27, 17),
(28, 17),
(29, 17),
(31, 17),
(35, 17),
(36, 17),
(39, 17),
(40, 17),
(41, 17),
(23, 18),
(25, 18),
(26, 18),
(27, 18),
(28, 18),
(29, 18),
(31, 18),
(35, 18),
(36, 18),
(39, 18),
(40, 18),
(41, 18),
(23, 19),
(25, 19),
(26, 19),
(27, 19),
(28, 19),
(29, 19),
(31, 19),
(35, 19),
(36, 19),
(39, 19),
(40, 19),
(41, 19),
(23, 20),
(25, 20),
(26, 20),
(27, 20),
(28, 20),
(29, 20),
(31, 20),
(35, 20),
(36, 20),
(39, 20),
(40, 20),
(41, 20),
(23, 21),
(25, 21),
(26, 21),
(27, 21),
(28, 21),
(29, 21),
(31, 21),
(35, 21),
(36, 21),
(39, 21),
(40, 21),
(41, 21),
(23, 22),
(25, 22),
(26, 22),
(27, 22),
(28, 22),
(29, 22),
(31, 22),
(35, 22),
(36, 22),
(37, 22),
(38, 22),
(23, 23),
(24, 23),
(25, 23),
(26, 23),
(27, 23),
(28, 23),
(29, 23),
(31, 23),
(32, 23),
(33, 23),
(34, 23),
(35, 23),
(36, 23),
(37, 23),
(38, 23);

-- --------------------------------------------------------

--
-- Table structure for table `FilDeDiscussion`
--

CREATE TABLE `FilDeDiscussion` (
  `idFilDeDiscussion` int(255) UNSIGNED NOT NULL,
  `idUtilisateur` int(255) UNSIGNED NOT NULL,
  `idDernierMessage` int(255) UNSIGNED DEFAULT NULL,
  `objet` varchar(255) NOT NULL,
  `created_at` datetime NOT NULL DEFAULT CURRENT_TIMESTAMP,
  `updated_at` datetime NOT NULL DEFAULT CURRENT_TIMESTAMP ON UPDATE CURRENT_TIMESTAMP
) ENGINE=InnoDB DEFAULT CHARSET=utf8;

--
-- Dumping data for table `FilDeDiscussion`
--

INSERT INTO `FilDeDiscussion` (`idFilDeDiscussion`, `idUtilisateur`, `idDernierMessage`, `objet`, `created_at`, `updated_at`) VALUES
(7, 17, 24, 'COVID', '2020-05-23 23:39:49', '2020-05-26 16:06:48');

-- --------------------------------------------------------

--
-- Table structure for table `ForceDeLOrdre`
--

CREATE TABLE `ForceDeLOrdre` (
  `idForce` int(255) UNSIGNED NOT NULL,
  `mdpForce` varchar(255) NOT NULL,
  `nomForce` varchar(255) NOT NULL,
  `prenomForce` varchar(255) NOT NULL,
  `force` enum('P','G') NOT NULL,
  `mail` varchar(255) NOT NULL,
  `nbConnexion` int(255) UNSIGNED NOT NULL DEFAULT '0'
) ENGINE=InnoDB DEFAULT CHARSET=utf8;

--
-- Dumping data for table `ForceDeLOrdre`
--

INSERT INTO `ForceDeLOrdre` (`idForce`, `mdpForce`, `nomForce`, `prenomForce`, `force`, `mail`, `nbConnexion`) VALUES
(12345, 'root', 'Appriou', 'Thomas', 'G', 'thomas@gouv.fr', 63),
(12346, 'mdp', 'Demougeot', 'MaxouLeGendarmeDuBled', 'P', 'maxou@demougeot.fr', 2);

-- --------------------------------------------------------

--
-- Table structure for table `Gestionnaire`
--

CREATE TABLE `Gestionnaire` (
  `idGestionnaire` int(255) UNSIGNED NOT NULL,
  `mdpGestionnaire` varchar(255) NOT NULL,
  `nomGestionnaire` varchar(255) NOT NULL,
  `prenomGestionnaire` varchar(255) NOT NULL,
  `chambre` enum('CMA','CA','CCI') NOT NULL,
  `mail` varchar(255) NOT NULL
) ENGINE=InnoDB DEFAULT CHARSET=utf8;

--
-- Dumping data for table `Gestionnaire`
--

INSERT INTO `Gestionnaire` (`idGestionnaire`, `mdpGestionnaire`, `nomGestionnaire`, `prenomGestionnaire`, `chambre`, `mail`) VALUES
(12345, 'root', 'Appriou', 'Thomas', 'CMA', 'thomas@gouv.fr'),
(12346, 'mdp', 'Nguyen', 'Thanh', 'CCI', 'thanh@gmail.com');

-- --------------------------------------------------------

--
-- Table structure for table `MessagePrive`
--

CREATE TABLE `MessagePrive` (
  `idMessagePrive` int(255) UNSIGNED NOT NULL,
  `idFilDeDiscussion` int(255) UNSIGNED NOT NULL,
  `texte` text NOT NULL,
  `created_at` datetime NOT NULL DEFAULT CURRENT_TIMESTAMP,
  `ouvert` tinyint(1) NOT NULL DEFAULT '0',
  `emetteur` enum('UTILISATEUR','FORCE') NOT NULL
) ENGINE=InnoDB DEFAULT CHARSET=utf8;

--
-- Dumping data for table `MessagePrive`
--

INSERT INTO `MessagePrive` (`idMessagePrive`, `idFilDeDiscussion`, `texte`, `created_at`, `ouvert`, `emetteur`) VALUES
(21, 7, 'Bonjour bienvenue', '2020-05-23 23:47:31', 1, 'UTILISATEUR'),
(22, 7, 'Bonjour c\'est quoi ton soucis??', '2020-05-24 18:13:52', 0, 'FORCE'),
(23, 7, 'bcgfbace filage efefvmz OMQBVQSDBV>SBVBKJW B,    N ,hjvhcghj, et j\'ai vu bcgfbace filage efefvmz OMQBVQSDBV>SBVBKJW B,    N ,hjvhcghj, et j\'ai vu bcgfbace filage efefvmz OMQBVQSDBV>SBVBKJW B,    N ,hjvhcghj, et j\'ai vu bcgfbace filage efefvmz OMQBVQSDBV>SBVBKJW B,    N ,hjvhcghj, et j\'ai vu bcgfbace filage efefvmz OMQBVQSDBV>SBVBKJW B,    N ,hjvhcghj, et j\'ai vu bcgfbace filage efefvmz OMQBVQSDBV>SBVBKJW B,    N ,hjvhcghj, et j\'ai vu bcgfbace filage efefvmz OMQBVQSDBV>SBVBKJW B,    N ,hjvhcghj, et j\'ai vu bcgfbace filage efefvmz OMQBVQSDBV>SBVBKJW B,    N ,hjvhcghj, et j\'ai vu bcgfbace filage efefvmz OMQBVQSDBV>SBVBKJW B,    N ,hjvhcghj, et j\'ai vu bcgfbace filage efefvmz OMQBVQSDBV>SBVBKJW B,    N ,hjvhcghj, et j\'ai vu bcgfbace filage efefvmz OMQBVQSDBV>SBVBKJW B,    N ,hjvhcghj, et j\'ai vu bcgfbace filage efefvmz OMQBVQSDBV>SBVBKJW B,    N ,hjvhcghj, et j\'ai vu bcgfbace filage efefvmz OMQBVQSDBV>SBVBKJW B,    N ,hjvhcghj, et j\'ai vu bcgfbace filage efefvmz OMQBVQSDBV>SBVBKJW B,    N ,hjvhcghj, et j\'ai vu bcgfbace filage efefvmz OMQBVQSDBV>SBVBKJW B,    N ,hjvhcghj, et j\'ai vu bcgfbace filage efefvmz OMQBVQSDBV>SBVBKJW B,    N ,hjvhcghj, et j\'ai vu bcgfbace filage efefvmz OMQBVQSDBV>SBVBKJW B,    N ,hjvhcghj, et j\'ai vu bcgfbace filage efefvmz OMQBVQSDBV>SBVBKJW B,    N ,hjvhcghj, et j\'ai vu bcgfbace filage efefvmz OMQBVQSDBV>SBVBKJW B,    N ,hjvhcghj, et j\'ai vu bcgfbace filage efefvmz OMQBVQSDBV>SBVBKJW B,    N ,hjvhcghj, et j\'ai vu ', '2020-05-24 18:14:24', 1, 'UTILISATEUR'),
(24, 7, 'BIJOUUUR', '2020-05-26 16:06:48', 1, 'FORCE');

--
-- Triggers `MessagePrive`
--
DELIMITER $$
CREATE TRIGGER `last_message_trigger` AFTER INSERT ON `MessagePrive` FOR EACH ROW UPDATE fildediscussion f SET f.idDernierMessage = NEW.idMessagePrive WHERE f.idFilDeDiscussion = NEW.idFilDeDiscussion
$$
DELIMITER ;

-- --------------------------------------------------------

--
-- Table structure for table `Utilisateur`
--

CREATE TABLE `Utilisateur` (
  `idUtilisateur` int(255) UNSIGNED NOT NULL,
  `nomUtilisateur` varchar(255) NOT NULL,
  `prenomUtilisateur` varchar(255) NOT NULL,
  `cle` varchar(255) DEFAULT NULL,
  `siret` bigint(255) UNSIGNED NOT NULL,
  `codeAct` smallint(5) UNSIGNED NOT NULL,
  `idCommune` int(10) UNSIGNED NOT NULL,
  `secteur` int(2) NOT NULL,
  `telephone` varchar(255) NOT NULL,
  `mail` text NOT NULL,
  `chambre` enum('CMA','CA','CCI','') NOT NULL,
  `nomSociete` varchar(255) NOT NULL,
  `demande` enum('EN_COURS','VALIDE','REFUSE','SUPPRIME') NOT NULL DEFAULT 'EN_COURS',
  `ouvert` tinyint(1) NOT NULL DEFAULT '0',
  `created_at` datetime NOT NULL DEFAULT CURRENT_TIMESTAMP,
  `updated_at` datetime NOT NULL DEFAULT CURRENT_TIMESTAMP ON UPDATE CURRENT_TIMESTAMP
) ENGINE=InnoDB DEFAULT CHARSET=utf8;

--
-- Dumping data for table `Utilisateur`
--

INSERT INTO `Utilisateur` (`idUtilisateur`, `nomUtilisateur`, `prenomUtilisateur`, `cle`, `siret`, `codeAct`, `idCommune`, `secteur`, `telephone`, `mail`, `chambre`, `nomSociete`, `demande`, `ouvert`, `created_at`, `updated_at`) VALUES
(14, 'Appriou Tisseo Michel', 'Thomas Ecarlatte Empalot', '0113150040014', 245678765434, 11, 6, 4, '0908080808', 'thomas.appriou81@gmail.com', 'CMA', 'BatPlus Compagnie Corporation International', 'VALIDE', 1, '2020-05-06 18:02:18', '2020-05-26 18:50:34'),
(16, 'Nguyen', 'Thanh', NULL, 245678765434, 11, 6, 4, '0606060606', 'thomas.appriou81@gmail.com', 'CMA', 'BatPlus', 'REFUSE', 1, '2020-05-07 19:04:21', '2020-05-26 19:12:33'),
(17, 'Appriou', 'Thomas', '0113150040017', 245678765434, 11, 6, 4, '0606060606', 'thomas.appriou81@gmail.com', 'CMA', 'BatPlus', 'REFUSE', 1, '2020-05-07 19:04:31', '2020-05-26 18:50:40'),
(18, 'Appriou', 'Thomas', '0113150040018', 245678765434, 11, 6, 4, '0606060606', 'thomas.appriou81@gmail.com', 'CMA', 'BatPlus', 'VALIDE', 1, '2020-05-07 19:20:20', '2020-05-26 17:39:06'),
(19, 'Appriou Narbonne', 'Rochange Christine', NULL, 245678765434, 11, 6, 4, '0606060606', 'thomas.appriou81@gmail.com', 'CMA', 'Pokémon Corporation International', 'REFUSE', 1, '2020-05-06 18:02:18', '2020-05-26 18:50:43'),
(20, 'Totami Ankama', 'Dofus Retro', NULL, 245678765434, 11, 6, 4, '0606060606', 'thomas.appriou81@gmail.com', 'CMA', 'International CORP Japan', 'EN_COURS', 1, '2020-05-07 19:04:21', '2020-05-26 19:12:36'),
(21, 'Appriounete Léa toto', 'Christine Mobilion', '0113150040017', 245678765434, 11, 6, 4, '0606060606', 'thomas.appriou81@gmail.com', 'CMA', 'Pokémon Compagnie Australia', 'VALIDE', 1, '2020-05-07 19:04:31', '2020-05-26 18:50:45'),
(22, 'Appriou', 'Thomas', '0113150040018', 245678765434, 11, 6, 3, '0606060606', 'thomas.appriou81@gmail.com', 'CMA', 'BatPlus', 'VALIDE', 1, '2020-05-07 19:20:20', '2020-05-26 19:11:58'),
(23, 'PFFF', 'jesaipa', '0113150040019', 234567, 190, 90, 3, '098765', 'thomas.appriou81@gmail.com', 'CCI', 'petroplus', 'VALIDE', 0, '2020-05-21 20:12:53', '2020-05-26 18:50:49');

--
-- Indexes for dumped tables
--

--
-- Indexes for table `Annonce`
--
ALTER TABLE `Annonce`
  ADD PRIMARY KEY (`idAnnonce`);

--
-- Indexes for table `CodeActivite`
--
ALTER TABLE `CodeActivite`
  ADD PRIMARY KEY (`code`);

--
-- Indexes for table `Commune`
--
ALTER TABLE `Commune`
  ADD PRIMARY KEY (`idCommune`);

--
-- Indexes for table `Conseil`
--
ALTER TABLE `Conseil`
  ADD PRIMARY KEY (`idConseil`);

--
-- Indexes for table `DestinationAnnonce`
--
ALTER TABLE `DestinationAnnonce`
  ADD PRIMARY KEY (`idAnnonce`,`idUtilisateur`),
  ADD KEY `fk_idUtilisateurDest` (`idUtilisateur`);

--
-- Indexes for table `FilDeDiscussion`
--
ALTER TABLE `FilDeDiscussion`
  ADD PRIMARY KEY (`idFilDeDiscussion`) USING BTREE,
  ADD KEY `fk_idUtilisateurFil` (`idUtilisateur`),
  ADD KEY `fk_idDernierMessage` (`idDernierMessage`);

--
-- Indexes for table `ForceDeLOrdre`
--
ALTER TABLE `ForceDeLOrdre`
  ADD PRIMARY KEY (`idForce`);

--
-- Indexes for table `Gestionnaire`
--
ALTER TABLE `Gestionnaire`
  ADD PRIMARY KEY (`idGestionnaire`);

--
-- Indexes for table `MessagePrive`
--
ALTER TABLE `MessagePrive`
  ADD PRIMARY KEY (`idMessagePrive`),
  ADD KEY `fk_fil` (`idFilDeDiscussion`);

--
-- Indexes for table `Utilisateur`
--
ALTER TABLE `Utilisateur`
  ADD PRIMARY KEY (`idUtilisateur`),
  ADD KEY `fk_codeAct` (`codeAct`) USING BTREE,
  ADD KEY `fk_idCommuneUtilisateur` (`idCommune`);

--
-- AUTO_INCREMENT for dumped tables
--

--
-- AUTO_INCREMENT for table `Annonce`
--
ALTER TABLE `Annonce`
  MODIFY `idAnnonce` int(255) UNSIGNED NOT NULL AUTO_INCREMENT, AUTO_INCREMENT=42;

--
-- AUTO_INCREMENT for table `Commune`
--
ALTER TABLE `Commune`
  MODIFY `idCommune` int(10) UNSIGNED NOT NULL AUTO_INCREMENT, AUTO_INCREMENT=595;

--
-- AUTO_INCREMENT for table `Conseil`
--
ALTER TABLE `Conseil`
  MODIFY `idConseil` int(255) UNSIGNED NOT NULL AUTO_INCREMENT, AUTO_INCREMENT=3;

--
-- AUTO_INCREMENT for table `FilDeDiscussion`
--
ALTER TABLE `FilDeDiscussion`
  MODIFY `idFilDeDiscussion` int(255) UNSIGNED NOT NULL AUTO_INCREMENT, AUTO_INCREMENT=8;

--
-- AUTO_INCREMENT for table `ForceDeLOrdre`
--
ALTER TABLE `ForceDeLOrdre`
  MODIFY `idForce` int(255) UNSIGNED NOT NULL AUTO_INCREMENT, AUTO_INCREMENT=12347;

--
-- AUTO_INCREMENT for table `MessagePrive`
--
ALTER TABLE `MessagePrive`
  MODIFY `idMessagePrive` int(255) UNSIGNED NOT NULL AUTO_INCREMENT, AUTO_INCREMENT=25;

--
-- AUTO_INCREMENT for table `Utilisateur`
--
ALTER TABLE `Utilisateur`
  MODIFY `idUtilisateur` int(255) UNSIGNED NOT NULL AUTO_INCREMENT, AUTO_INCREMENT=24;

--
-- Constraints for dumped tables
--

--
-- Constraints for table `DestinationAnnonce`
--
ALTER TABLE `DestinationAnnonce`
  ADD CONSTRAINT `fk_idMessage` FOREIGN KEY (`idAnnonce`) REFERENCES `annonce` (`idAnnonce`),
  ADD CONSTRAINT `fk_idUtilisateurDest` FOREIGN KEY (`idUtilisateur`) REFERENCES `utilisateur` (`idUtilisateur`);

--
-- Constraints for table `FilDeDiscussion`
--
ALTER TABLE `FilDeDiscussion`
  ADD CONSTRAINT `fk_idDernierMessage` FOREIGN KEY (`idDernierMessage`) REFERENCES `messageprive` (`idMessagePrive`),
  ADD CONSTRAINT `fk_idUtilisateurFil` FOREIGN KEY (`idUtilisateur`) REFERENCES `utilisateur` (`idUtilisateur`);

--
-- Constraints for table `MessagePrive`
--
ALTER TABLE `MessagePrive`
  ADD CONSTRAINT `fk_fil` FOREIGN KEY (`idFilDeDiscussion`) REFERENCES `fildediscussion` (`idFilDeDiscussion`);

--
-- Constraints for table `Utilisateur`
--
ALTER TABLE `Utilisateur`
  ADD CONSTRAINT `fk_codeAct` FOREIGN KEY (`codeAct`) REFERENCES `codeactivite` (`code`),
  ADD CONSTRAINT `fk_idCommuneUtilisateur` FOREIGN KEY (`idCommune`) REFERENCES `commune` (`idCommune`);
